id,titulo,texto,fuente,fecha,url,economic_score,source_type,department,scope,source_weight,collected_at,score_recalculado,tono_consolidado,confianza_consolidada,modelo_seleccionado,coincidencia_modelos,tono_naive_bayes,confianza_naive_bayes,tono_transformer,confianza_transformer,topic_id,tema,confianza_tema,entidades,indicadores,stress_score,stress_nivel,terminos_riesgo,terminos_alivio,published_at,collected_at_normalized,effective_at,age_hours,date_quality,is_recent,temporal_exclusion_reason,event_id,event_size
67009877a0326078724f,"¿Qué pasará con la subvención a la gasolina y al GLP en Bolivia?, esto dice el viceministro Navarro","La población se mantiene atenta al precio al que se venderá el litro de la gasolina y de otros hidrocarburos, como el GLP, lo que resta del año y en 2027, esto luego de la eliminación de la subvención al diésel. El viceministro del Tesoro, Óscar Navarro, fue consultado al respecto y respondió que “esta gestión se va a mantener” la subvención. Comenzó respondiendo que “para el siguiente presupuesto espera que no exista subvención porque ese es un proceso totalmente retroactivo y regresivo para la población y estamos apostando tener un presupuesto (con un déficit) no mayor a un 5%”. MIRA AQUÍ: Transporte pesado reporta que solo el 30% de su sector opera debido al diésel y el dólar En esta línea aseguró que, para llegar a este objetivo, menor déficit, se deben reducir “muchos gastos” del Estado. Insistió que espera que en la próxima gestión no se tenga subvención a ninguno de los hidrocarburos. Aunque luego aclaró “GLP no se va tocar, sí va existir un subsidio para tratar de focalizar los subsidios”. MIRA AQUÍ: Ministerio de Economía: Moody’s elevó la calificación soberana de Bolivia de Caa3 a Caa2 Eliminación de subvención del diésel El 19 de septiembre de este año, el presidente, Rodrigo Paz, anunció la eliminación de toda subvención al diésel. “Hemos tomado la decisión de que desde hoy el diésel nos costará lo mismo que nos cuesta comprarlo afuera. No podemos comprar caro para vender barato para que unos cuantos se lo roben”, afirmó el mandatario en un mensaje grabado emitido.",Unitel,,https://unitel.bo/noticias/economia/que-pasara-con-la-subvencion-a-la-gasolina-y-al-glp-en-bolivia-esto-dice-el-viceministro-navarro-HN23844298,5,television,Santa Cruz,national,0.7,2026-10-04T14:51:07.361659+00:00,6,neutral,1.0,Transformer financiero en español,True,neutral,0.8516,neutral,1.0,4,"Producción, inversión y régimen cambiario",0.6751,"[""MEFP""]","[""tipo de cambio"", ""combustibles"", ""déficit fiscal"", ""hidrocarburos""]",62,alto,"{""déficit"": 2}",{},,2026-10-04T14:51:07Z,2026-10-04T14:51:07Z,0.07,inferred_collected,True,recent,evt-f066c520a46e,1
af7cff5ef23a73df73ef,“El camión del gas ya no llega”: Familias hacen filas desde la madrugada para conseguir garrafas de GLP en La Paz,"Este jueves, varias familias llegaron con sus garrafas a la zona de San Pedro para tratar de adquirir una garrafa de Gas Licuado de Petróleo (GLP). Las personas señalaron que desde hace varios días los camiones distribuidores de este combustible no recorren las distintas zonas de la ciudad de La Paz. “Vengo de la zona sur. Estos días no hemos encontrado, es un perjuicio terrible. Nosotros gastamos una garrafa al día”, denunció una persona. MIRA AQUÍ: YPFB firma acuerdo con un sector del transporte de GLP para subir la tarifa del flete Una madre de familia también expresó su molestia al no poder comprar una garrafa de GLP para cocinar el almuerzo para su familia. “Yo vengo de la avenida Arce, nos dijeron que por lo que ha subido el diésel. El camión de gas ya no llega”, sostuvo. Otra de las personas entrevistadas por UNITEL señaló que varias familias salen muy temprano de sus hogares con sus garrafas con el propósito de conseguir una garrafa; sin embargo, pese a la espera, no logran adquirir el producto. “Aproximadamente estamos esperando una hora. No está pasando el carro gasero. Las personas están esperando desde las cinco de la mañana, pero estos días no está pasando el carro gasero”, denunció. MIRA AQUÍ: “Por el momento, la subvención a la gasolina se mantiene”, dice ministro de Hidrocarburos Las distribuidas de gas en garrafa dijeron no saldrán a las calles desde este jueves debido al costo de operaciones a raíz del nuevo precio del diésel que usan los camiones con la carga. Sin embargo, Yacimientos Petrolíferos Fiscales Bolivianos y un sector del transporte de gas licuado de petróleo , anunciaron que llegaron a un acuerdo que contempla el incremento en la tarifa en base a un estudio de costos.",Unitel,,https://unitel.bo/noticias/economia/el-camion-del-gas-ya-no-llega-familias-hacen-filas-desde-la-madrugada-para-conseguir-garrafas-de-glp-en-la-paz-EM23859195,6,television,Santa Cruz,national,0.7,2026-10-04T14:51:07.108880+00:00,5,desfavorable,0.9678,Transformer financiero en español,False,neutral,0.728,desfavorable,0.9678,4,"Producción, inversión y régimen cambiario",0.7597,"[""YPFB""]","[""combustibles"", ""hidrocarburos""]",50,moderado,{},{},,2026-10-04T14:51:07Z,2026-10-04T14:51:07Z,0.07,inferred_collected,True,recent,evt-81184b05c3da,1
dd02e3c460c8e32cc980,Choferes del eje central denuncian distribución “irregular” de gasolina y largas horas de espera,"Choferes del eje central señalan que hay una distribución irregular en el abastecimiento de la gasolina y eso se ve reflejado en las filas de vehículos que esperan para cargar el carburante en los surtidores. En La Paz, desde un surtidor de la avenida Montes, se registra una extensa fila de vehículos que aguardan en el lugar por cargar gasolina . A pocos metros, en la avenida Uruguay, en otro surtidor no había el combustible, por lo que a primeras horas de este viernes una cisterna llegó al lugar para descargar el combustible. Situación similar se da en Cochabamba desde la avenida Petrolera, donde a tempranas de la mañana se registra una fila extensa de vehículos que sobrepasan las seis cuadras. MIRA AQUÍ: “El camión del gas ya no llega”: Familias hacen filas desde la madrugada para conseguir garrafas de GLP en La Paz Desde el lugar los choferes reportaron a Unitel que la distribución es irregular, motivo por el cual tienen que esperar hasta por 4 horas. Algunos señalan que esta situación les genera un perjuicio, debido a que no pueden trabajar con normalidad. Entretanto, desde un surtidor de la avenida Paraguá y tercer anillo, en la capital cruceña, una extensa fila de vehículos aguarda para cargar gasolina. Debido a esta situación, aquellos vehículos que transitan por la zona ven dificultad al momento de pasar, debido al aparcamiento que realizan sobre la avenida dificultándoles así el transito normal por la zona. El miércoles pasado, a gerente general de la Asociación de Surtidores (Asosur) de Santa Cruz, Susy Dorado indicó que la distribución ha sido irregular estos días y que sumado a eso, los volúmenes que distribuye Yacimientos Petrolíferos Fiscales Bolivianos (YPFB) non son los requeridos para abastecer la demanda de los surtidores. ” No hemos tenido despachos desde el día sábado, no hubo despacho el domingo ni el lunes. Entonces, debido a eso es que no había combustible en las estaciones de servicio. Hoy día se está restableciendo el normal abastecimiento” expresaba Dorado MIRA AQUÍ: Bolivia registró un saldo comercial superior a $us 2.000 millones entre enero y agosto de este año, según el INE",Unitel,,https://unitel.bo/noticias/economia/choferes-del-eje-central-denuncian-distribucion-irregular-de-gasolina-y-largas-horas-de-espera-AP23865014,5,television,Santa Cruz,national,0.7,2026-10-04T14:51:07.025760+00:00,4,neutral,0.9972,Transformer financiero en español,True,neutral,0.5335,neutral,0.9972,4,"Producción, inversión y régimen cambiario",0.6862,"[""INE"", ""YPFB""]","[""combustibles""]",50,moderado,{},{},,2026-10-04T14:51:07Z,2026-10-04T14:51:07Z,0.07,inferred_collected,True,recent,evt-95d458fd6fef,1
06bbee926c1954a64275,"Bolivia registró un saldo comercial superior a $us 2.000 millones entre enero y agosto de este año, según el INE","Bolivia acumuló un saldo comercial favorable de $us 2.029,2 millones entre enero y agosto de 2026, según datos del Instituto Nacional de Estadística (INE), cuyo reporte de comercio exterior refleja que el resultado se explica por el crecimiento de las ventas externas de sectores como la minería y la la industria manufacturera. De acuerdo con el informe, las exportaciones alcanzaron los $us 8.987,1 millones entre enero y agosto de este año, un incremento de 53,8% respecto al mismo periodo de 2025, cuando habían alcanzado $us 5.825,8 millones. La cifra contrasta con los datos importaciones, que alcanzaron un registro de $us 6.957,9 millones entre enero y agosto de la presente gestión, según el INE. MIRA AQUÍ: Gobierno declara prioridad nacional el Viru Viru Hub y dice que empresas de cuatro países mostraron interés La industria manufacturera elevó sus exportaciones en 59,3%, al pasar de $us 2.527,5 millones entre enero y agosto de 2025 a $us 4.027,4 millones en el mismo periodo de 2026. El resultado estuvo impulsado principalmente por las ventas de oro metálico, con $us 1.494,5 millones, con un incremento de 165,2% respecto al mismo periodo del año anterior, y productos derivados de la soya que sumaron $us 750,4 millones y registraron un aumento de 9,6% en sus ventas externas. La extracción de minerales también tuvo un peso importante en el resultado comercial, tomando en cuenta que las exportaciones de esta actividad llegaron a $us 3.783,4 millones entre enero y agosto de 2026, frente a los $us 2.183,8 millones registrados en igual periodo de 2025, lo que representa un crecimiento de 73,3%. MIRA AQUÍ: Ministerio de Economía: Moody’s elevó la calificación soberana de Bolivia de Caa3 a Caa2 Dentro de este sector destacó el mineral de plata, cuyas exportaciones alcanzaron $us 2.306,8 millones y aumentaron 147,5% respecto a 2025. El mineral de zinc también registró un incremento, con ventas externas por $us 1.077,4 millones, un 19,5% más que en el mismo periodo del año anterior. En contraste, la extracción de hidrocarburos (gas) registró ventas externas por $us 701,1 millones entre enero y agosto de 2026, por debajo de los $us 776,1 millones alcanzados en igual periodo de 2025. En agricultura, ganadería, caza, silvicultura y pesca, las exportaciones llegaron a $us 401,8 millones, frente a los $us 328 millones registrados entre enero y agosto de 2025. MIRA AQUÍ: La Gobernación cruceña ya publica diferentes ofertas de diésel con precios desde Bs 22 el litro",Unitel,,https://unitel.bo/noticias/economia/bolivia-registro-un-saldo-comercial-superior-a-us-2000-millones-entre-enero-y-agosto-de-este-ano-segun-el-ine-KM23857397,12,television,Santa Cruz,national,0.7,2026-10-04T14:51:07.194041+00:00,7,favorable,0.9999,Transformer financiero en español,True,favorable,0.4781,favorable,0.9999,2,"Política fiscal, gestión pública y sistema financiero",0.9661,"[""INE"", ""MEFP""]","[""combustibles"", ""exportaciones"", ""importaciones"", ""hidrocarburos""]",42,moderado,{},"{""crecimiento"": 2}",,2026-10-04T14:51:07Z,2026-10-04T14:51:07Z,0.07,inferred_collected,True,recent,evt-4c778cfcf193,1
34a9e26ab7c320a4687a,Vuelve a descender la cotización del dólar en puertas del fin de semana,"El Banco Central de Bolivia (BCB) informó que la cotización oficial del dólar para este viernes 2 de octubre es de Bs 11,90. Se trata de un nuevo descenso en una semana marcada por índices con tendencia a la baja. El jueves, la divisa se había cotizado en Bs 12,00. El lunes, la divisa se cotizó en Bs 12,05; mientras que el martes y miércoles la cifra se mantuvo en Bs 12,02. MIRA AQUÍ: “El camión del gas ya no llega”: Familias hacen filas desde la madrugada para conseguir garrafas de GLP en La Paz En los tres meses de vigencia del régimen cambiario flexible, la cotización oficial del dólar en Bolivia registró subidas y descensos, periodo que comenzó con una cotización de Bs 9,73 el 29 de junio y que alcanzó su pico máximo fue de Bs 12,64 el 9 de septiembre. Desde el 2 de julio, cuando llegó a Bs 9,78, la cotización comenzó a registrar incrementos durante ese mes, hasta alcanzar nuevos niveles en las siguientes semanas. MIRA AQUÍ: YPFB firma acuerdo con un sector del transporte de GLP para subir la tarifa del flete El 9 de julio, el dólar se situó en Bs 10,10 y el 22 de julio llegó a Bs 11. Nueve días después, el 31 de julio, alcanzó Bs 12,15, el valor más alto registrado durante ese primer periodo de aplicación del régimen cambiario flexible. En agosto, la cotización comenzó a descender respecto al máximo registrado en julio. El 3 de agosto fue de Bs 12,13; el 4, de Bs 12,08; y el 5, de Bs 12,02. Posteriormente, el 10 de agosto se situó en Bs 11,86, manteniendo la tendencia descendente hasta quedar en Bs 11,50 el 24 de agosto. El régimen cambiario flexible fue dispuesto por el Ministerio de Economía mediante la Resolución Ministerial 245 , que encargó al BCB ejecutar la transición hacia el nuevo esquema. La medida estableció que el cambio tendría como base la oferta y demanda diaria de divisas en el sistema financiero.",Unitel,,https://unitel.bo/noticias/economia/vuelve-a-descender-la-cotizacion-del-dolar-en-puertas-del-fin-de-semana-HP23865471,5,television,Santa Cruz,national,0.7,2026-10-04T14:51:06.857690+00:00,6,desfavorable,0.9999,Transformer financiero en español,False,neutral,0.7357,desfavorable,0.9999,1,"Tipo de cambio, divisas y abastecimiento de combustibles",0.8941,"[""BCB"", ""YPFB"", ""MEFP""]","[""tipo de cambio"", ""combustibles"", ""sistema financiero""]",50,moderado,{},{},,2026-10-04T14:51:06Z,2026-10-04T14:51:06Z,0.07,inferred_collected,True,recent,evt-6dacf49efc26,1
f5993254fafaeadf5fef,Intervención a YPFB: Aprehenden a 31 personas y decomisan 24 vehículos que desviaban combustible,"Tras cumplirse un mes de la intervención de Yacimientos Petrolíferos Fiscales Bolivianos (YPFB), el ministro de Hidrocarburos, Marcelo Blanco brindó un reporte sobre los resultados de los operativos. “En 30 días hemos logrado la aprehensión de 31 personas, el decomiso de 24 vehículos y la neutralización de 8 motorizados con tanques adicionales”, destacó Blanco y señaló que mediante el sistema B-SISA se bloquearon alrededor de 6.700 placas con carguíos irregulares. La autoridad sostuvo que, t ras la eliminación de la subvención del diésel, el desvío irregular de combustible se trasladó a la gasolina, por lo que establecerán medidas estrictas para evitar el contrabando. MIRA AQUÍ: Santa Cruz: Concejo y transportistas retoman reunión por el pasaje bajo advertencia de paro de 48 horas Además, el ministro indicó que hubo casos en que vehículos a Gas Natural Vehicular (GNV), que también funcionan a gasolina para el encendido, necesitan poco combustible, por lo que revisarán en l sistema la cantidad de cargas que realizan. Por su parte, el viceministro de Transparencia, Yamil García, explicó que l as acciones realizadas no se limitan solo a las personas que cometen el almacenamiento y comercialización ilegal, sino que también a las estaciones de servicio que puedan ser cómplices de estos hechos. “Estas acciones van desde el ámbito penal y también desde el ámbito administrativo, considerando que nuestra normativa regulatoria establece de manera explícita que a la primera que se encuentre se tiene una sanción administrativa de 10 días, y a la segunda es el cierre definitivo” , manifestó. MIRA AQUÍ: Distribución de garrafas vuelve a los barrios de Santa Cruz tras acuerdo con Gobierno",Unitel,,https://unitel.bo/noticias/economia/intervencion-a-ypfb-aprehenden-a-31-personas-y-decomisan-24-vehiculos-que-desviaban-combustible-JO23877961,5,television,Santa Cruz,national,0.7,2026-10-04T14:51:06.606187+00:00,5,neutral,1.0,Transformer financiero en español,True,neutral,0.7887,neutral,1.0,5,"Comercio exterior, desarrollo y empresas",0.7467,"[""YPFB""]","[""combustibles"", ""hidrocarburos""]",50,moderado,{},{},,2026-10-04T14:51:06Z,2026-10-04T14:51:06Z,0.07,inferred_collected,True,recent,evt-d6d7d6af4414,1
cabd660349a101cec8bf,Distribución de garrafas vuelve a los barrios de Santa Cruz tras acuerdo con Gobierno,"La distribución de garrafas de Gas Licuado de Petróleo (GLP) en los barrios de Santa Cruz de la Sierra se normaliza este viernes 2 de octubre , luego de que representantes del sector llegaran a un acuerdo con autoridades del Gobierno. Desde el sector se indicó que tras la eliminación de la subvención al diésel y la subida del precio de este carburante, se incrementaron sus costos de operación pues los vehículos que usan para transportar los cilindros usan más recursos para cumplir la tarea. “ Comunicar a la población que gracias a las reuniones que hemos tenido, podemos indicar que volvemos a operar con normalidad ”, manifestó Fernando Segovia, representante de la Cámara Nacional de Distribuidores de Gas. MIRA AQUÍ: Suspender distribución de GLP en barrios cruceños este jueves; el sector reclama aumento de costos por nuevo precio del diésel Segovia explicó que el acuerdo contempla compromisos y una solución transitoria para atender los problemas que enfrenta el sector. “Hemos llegado a un acuerdo, donde hay compromisos y se está dando una solución transitoria para nuestro problema con un análisis profundo en los próximos días”, señaló. MIRA AQUÍ: “El camión del gas ya no llega”: Familias hacen filas desde la madrugada para conseguir garrafas de GLP en La Paz De esta manera, los camiones distribuidores volverán durante la jornada a recorrer los diferentes barrios de Santa Cruz. Las garrafas serán comercializadas por los camiones al precio de Bs 22,50.",Unitel,,https://unitel.bo/noticias/economia/distribucion-de-garrafas-vuelve-a-los-barrios-de-santa-cruz-tras-acuerdo-con-gobierno-HP23867635,2,television,Santa Cruz,national,0.7,2026-10-04T14:51:06.773354+00:00,2,desfavorable,0.9813,Transformer financiero en español,False,neutral,0.7547,desfavorable,0.9813,4,"Producción, inversión y régimen cambiario",0.6471,[],"[""combustibles"", ""hidrocarburos""]",50,moderado,{},{},,2026-10-04T14:51:06Z,2026-10-04T14:51:06Z,0.07,inferred_collected,True,recent,evt-4eb6fbf44e53,1
bb901425a4c32199cd7d,FMI da luz verde a acuerdo con Bolivia y aprueba primer desembolso de $us 214 millones,"El Directorio Ejecutivo del Fondo Monetario Internacional (FMI), reunido este viernes en Washington D. C., aprobó un acuerdo de financiamiento por aproximadamente $us 1.900 millones en favor de Bolivia, en el marco del Servicio Ampliado del Fondo (SAF), que habilita un desembolso inmediato de $us 214 millones para el país. Así lo refleja un comunicado del organismos internacional que establece que se “a probó un acuerdo de 36 meses a favor de Bolivia”, contemplando el acceso a $us 1.900 millones, que son equivalentes a 1.369 millones de derechos especiales de giro (DEG, la unidad de reserva internacional del FMI ). “La aprobación del Directorio Ejecutivo permite que las autoridades reciban un desembolso inmediato de DEG 156 millones (aproximadamente $us 214 millones)”, establece el reporte del organismo que también fue replicado por el Ministerio de Economía. MIRA AQUÍ: Acuerdo: El Gobierno se compromete ante el FMI a eliminar la subvención de combustibles en 2027 Anteriormente, el ministro de Economía, Christian Morales, adelantó que los desembolsos serán trimestrales y estarán vinculados al desempeño de las finanzas públicas y al cumplimiento de las métricas establecidas dentro del programa estatal que tiene respaldo del FMI. El FMI reconoció las medidas adoptadas por las autoridades bolivianas durante el último año para corregir los desequilibrios macroeconómicos acumulados, respaldando así el programa de reformas que está en curso. “El programa de las autoridades tiene por objeto restaurar la estabilidad macroeconómica, proteger a los hogares vulnerables, recomponer las reservas internacionales, corregir las vulnerabilidades fiscales y externas, fortalecer la resiliencia financiera y promover un crecimiento sostenible, inclusivo e impulsado por el sector privado”, señala la nota del FMI. Además, adelanta que se prevé que el programa catalizará un financiamiento adicional de aproximadamente $us 4.000 millones (aunque el Gobierno habla de $us 5.000 millones) por parte de otras instituciones financieras internacionales y que permitirá llevar adelante un programa amplio de reformas estructurales. MIRA AQUÍ: Santa Cruz: Concejo y transportistas retoman reunión por el pasaje bajo advertencia de paro de 48 horas El programa, con una duración de 36 meses, contempla medidas para mejorar la eficiencia del gasto público, fortalecer la protección social, modernizar los marcos monetario y cambiario, promover la transparencia y mejorar el clima de negocios, con el propósito de impulsar la inversión privada y la generación de empleo. La decisión del Directorio se produce después de que la Asamblea Legislativa Plurinacional aprobara el acuerdo de financiamiento el pasado 18 de septiembre, con el respaldo de más de dos tercios de ambas cámaras. Los desembolsos posteriores al monto inicial de $us 214 millones se realizarán gradualmente y siempre que se cumplan las metas económicas, de acuerdo con los antecedentes reflejados por las autoridades del área económica.",Unitel,,https://unitel.bo/noticias/economia/fmi-da-luz-verde-a-acuerdo-con-bolivia-y-aprueba-primer-desembolso-de-us-214-millones-BB23882524,7,television,Santa Cruz,national,0.7,2026-10-04T14:51:06.522844+00:00,6,neutral,0.9998,Transformer financiero en español,True,neutral,0.826,neutral,0.9998,3,"Precios, alimentos y servicios básicos",0.9528,"[""MEFP"", ""FMI""]","[""reservas internacionales"", ""combustibles"", ""déficit fiscal"", ""empleo""]",42,moderado,{},"{""crecimiento"": 1, ""estabilidad"": 1}",,2026-10-04T14:51:06Z,2026-10-04T14:51:06Z,0.07,inferred_collected,True,recent,evt-e4789f6b08f7,3
d22207af03c0865f67ff,CAF aprueba crédito de 224 millones de dólares para reactivar obras viales en Bolivia,"CAF- Banco de Desarrollo de América Latina y el Caribe aprobó un préstamo de $us 224 millones a favor del Estado Plurinacional de Bolivia para financiar el Programa Nacional de Obras Viales, una iniciativa destinada a reactivar y concluir proyectos de la Red Vial Fundamental (RVF) que ya contaban con financiamiento del organismo. La operación fue aprobada durante una reunión del Directorio de CAF y será ejecutada por la Administradora Boliviana de Carreteras (ABC). Los recursos estarán orientados principalmente a cubrir mayores costos de construcción y requerimientos de contrapartida local derivados del contexto económico de los últimos años. La Red Vial Fundamental constituye el principal eje del transporte terrestre boliviano y concentra más del 80% de la carga nacional. De acuerdo a CAF, en los últimos años, la coyuntura macroeconómica encareció los materiales de construcción, los insumos y los combustibles. Entonces, el Programa aprobado ofrece una respuesta concreta a este escenario, con una estructura flexible que permitirá destinar los recursos donde sean más necesarios para completar la ejecución de cada proyecto. Por otro lado, el financiamiento permitirá movilizar una cartera de proyectos viales que supera los $us 1.200 millones y busca garantizar la conclusión y puesta en servicio de las obras mediante recursos complementarios. Entre los proyectos incluidos se encuentran la doble vía Santa Cruz - Warnes, el tramo Oruro - Challapata, la carretera Escoma - Pacobamba, el tramo Uyuni - Hito LX y el programa Puentes de Integración, entre otras intervenciones. De acuerdo con CAF, el programa beneficiará directamente a 3.862.055 personas en los departamentos de La Paz, Oruro, Pando, Cochabamba, Potosí, Santa Cruz y Chuquisaca. En total, se prevé la puesta en servicio de 469 kilómetros de vías, lo que permitirá mejorar la conexión de comunidades y zonas productivas con los principales corredores de integración del país y de la región. El organismo señaló que las obras contribuirán también a facilitar el acceso a servicios de salud y educación, fortalecer la seguridad alimentaria y reducir los tiempos y costos de transporte. Asimismo, permitirán conectar áreas con potencial agrícola, turístico y logístico con los principales centros y corredores de integración nacional y regional. Finalmente, el presidente ejecutivo de CAF, Sergio Díaz-Granados, destacó la importancia de la infraestructura vial para la integración y el desarrollo económico del país. “Bolivia tiene en su red vial una de sus principales herramientas para integrarse, producir y competir. Con este programa, CAF reafirma su compromiso de acompañar al país en un momento desafiante, para que las obras que ya están en marcha lleguen a destino y millones de bolivianas y bolivianos cuenten con mejores caminos, más oportunidades y una conexión más fluida con la región”, concluyó. La aprobación del préstamo se enmarca en la Estrategia País CAF Bolivia 2025-2030 y en su pilar ‘Integración, producción y competitividad’, que busca posicionar a Bolivia como una plataforma de conexión bioceánica.",El Deber,,https://eldeber.com.bo/economia/caf-aprueba-credito-224-millones-dolares-reactivar-obras-viales-bolivia_1790952723,6,newspaper,Santa Cruz,national,0.7,2026-10-04T14:50:54.270333+00:00,5,neutral,0.9999,Transformer financiero en español,False,favorable,0.5091,neutral,0.9999,2,"Política fiscal, gestión pública y sistema financiero",0.5776,"[""CAF""]","[""tipo de cambio"", ""combustibles"", ""sistema financiero""]",50,moderado,{},{},,2026-10-04T14:50:54Z,2026-10-04T14:50:54Z,0.07,inferred_collected,True,recent,evt-99a66f809c2a,3
6da7421b528b0c37276b,La exportación de soya supera a la de hidrocarburos y genera $us 787 millones hasta agosto,"La soya y sus derivados generaron $us 787 millones en exportaciones entre enero y agosto , por encima de los $us 733 millones de los hidrocarburos , informó Gary Rodríguez, gerente general del Instituto Boliviano de Comercio Exterior (IBCE). La diferencia de $us 54 millones refleja dos movimientos: el crecimiento de las ventas del sector oleaginoso y el retroceso de los hidrocarburos. En una entrevista con Influyentes , Rodríguez presentó cifras que, según explicó, corresponden a información oficial publicada recientemente. Las exportaciones de soya y derivados aumentaron 13% en valor y 18% en volumen respecto al mismo periodo del año pasado. En contraste, las de hidrocarburos disminuyeron 8% en valor y 14% en volumen . “No se trata de competir, pero se trata de dar lugar a cada cosa que se hace bien o mal”, afirmó. El ejecutivo destacó que la cadena de la soya sostiene, según sus estimaciones, más de 120.000 empleos , además de impulsar actividades como el transporte, el comercio, la gastronomía y la metalmecánica. Su importancia, sostuvo, debe medirse tanto por los ingresos de exportación como por ese efecto sobre la economía. El desempeño de la soya forma parte de un crecimiento más amplio. Según Rodríguez, las exportaciones no tradicionales aumentaron 28% en valor y 11% en volumen hasta agosto y representan el 25% de las ventas bolivianas al exterior. Este grupo comprende productos agropecuarios, agroindustriales, forestales, manufactureros y artesanales. El gerente del IBCE resaltó su capacidad para transformar materias primas, agregar valor y generar empleo. En su análisis, esa característica las diferencia de las exportaciones tradicionales —minerales e hidrocarburos—, que dependen de la extracción de recursos no renovables. Por ello, planteó que Bolivia debe prestar mayor atención al desarrollo de otras cadenas productivas. El incremento del volumen exportado muestra que el avance de los productos no tradicionales también estuvo acompañado por mayores cantidades vendidas. Rodríguez considera que, si la tendencia continúa, el sector podría acercarse nuevamente a los niveles de exportación de 2022. Recordó que los años posteriores estuvieron afectados por problemas climáticos que golpearon especialmente a la producción de soya. El crecimiento exportador tiene como antecedente el anuncio gubernamental del 28 de enero de 2026 para facilitar las exportaciones de soya y eliminar controles sobre sus subproductos. El entonces Ministerio de Desarrollo Productivo, Rural y Agua informó que los cambios se implementarían mediante dos resoluciones: una para facilitar la comercialización del grano en mercados externos y otra para suprimir los cupos y las bandas de precios en las ventas de subproductos entre industrias y sectores productivos. La segunda medida comprende insumos utilizados por lecheros, avicultores y porcinocultores, entre otros. Según el Ministerio, los productores podrían elegir dónde comprarlos en función del precio y del costo de transporte. El anuncio mantuvo como prioridad el abastecimiento interno y la exportación de excedentes. Ese antecedente introduce un cambio en las condiciones de comercialización del sector. Sin embargo, las cifras expuestas en la entrevista no permiten determinar cuánto del crecimiento registrado hasta agosto responde a las medidas anunciadas . Rodríguez sostiene que el potencial exportador puede ampliarse con mayor libertad para vender al exterior, acceso a biotecnología, seguridad jurídica y una agenda coordinada entre el sector público y el privado. “Si tuviéramos más libertad para exportar, si tuviéramos biotecnología, si tuviéramos seguridad jurídica (…) esto podría ir para mucho más”, afirmó. También reclamó condiciones para enfrentar los avasallamientos y las interrupciones del transporte por bloqueos, factores que afectan la producción y el cumplimiento de los compromisos comerciales. En el balance general, Rodríguez informó que las exportaciones bolivianas crecieron 54% en valor y 8% en volumen entre enero y agosto, pese a la caída de los hidrocarburos. Atribuyó el impulso de las exportaciones tradicionales a los minerales, que, según explicó, registraron crecimiento tanto en valor como en volumen. Destacó que este último resultado modifica el comportamiento observado anteriormente, cuando los precios elevados compensaban una disminución de las cantidades exportadas. Con cifras redondeadas, situó las ventas externas del país en $us 8.960 millones y las importaciones en $us 6.960 millones . La diferencia arroja un superávit comercial aproximado de $us 2.000 millones . “Pese a los bloqueos, pese a los avasallamientos, pese a toda esta incertidumbre e inestabilidad política, el sector exportador le está cumpliendo al país”, manifestó. Ese saldo representa la diferencia entre el valor de las mercancías exportadas e importadas. Por sí solo, no permite establecer cuánto dinero ingresó al sistema financiero boliviano ni equivale a un aumento del mismo monto en las reservas internacionales. Rodríguez destacó que los pagos del comercio internacional también se realizan mediante operaciones digitales. Las cifras comerciales presentadas, sin embargo, no detallan los plazos de cobro ni el destino y la canalización de los ingresos de exportación.",El Deber,,https://eldeber.com.bo/economia/exportacion-soya-supera-hidrocarburos-genera-us-787-millones-agosto_1790954900,18,newspaper,Santa Cruz,national,0.7,2026-10-04T14:50:54.180335+00:00,11,favorable,0.9999,Transformer financiero en español,False,neutral,0.4624,favorable,0.9999,2,"Política fiscal, gestión pública y sistema financiero",0.3394,"[""IBCE""]","[""reservas internacionales"", ""exportaciones"", ""importaciones"", ""balanza comercial"", ""hidrocarburos"", ""empleo"", ""sistema financiero""]",35,bajo,"{""caída"": 1, ""incertidumbre"": 1}","{""crecimiento"": 5, ""superávit"": 1}",,2026-10-04T14:50:54Z,2026-10-04T14:50:54Z,0.07,inferred_collected,True,recent,evt-f230eede81d5,1
5f78bdf8e85f43747a77,Usuarios madrugan por GLP en Potosí y denuncian desinformación sobre puntos de venta,"Con garrafas en mano y después de varias horas de espera, decenas de personas buscaban este sábado acceder a Gas Licuado de Petróleo (GLP) en Potosí , en medio de reclamos por la falta de información sobre los lugares y horarios de distribución. Un reporte de Radio Fides mostró una e xtensa fila en inmediaciones de la calle América y la avenida Universitaria, donde los consumidores fueron enumerados para organizar la venta y evitar que otras personas ingresaran a la fila. El problema comenzó horas antes. Parte de los usuarios había acudido desde temprano a la cancha de Las Delicias, un punto donde habitualmente se comercializan garrafas. Sin embargo, después de esperar fueron informados de que este sábado no habría distribución en ese lugar. Los consumidores tuvieron entonces que trasladarse hasta otro sector de la ciudad llevando sus garrafas. “A las seis” , respondió uno de los usuarios consultado sobre la hora en la que había comenzado su búsqueda de GLP. La situación generó molestia porque, según los testimonios recogidos por Fides, los consumidores no encontraron información previa que precisara dónde se realizaría la distribución. Uno de ellos, relató que primero acudió a Las Delicias y posteriormente tuvo que movilizarse hasta el nuevo punto. “Lastimosamente, no se comunica oportunamente cuánto, dónde se va a vender, a partir de cuándo”, reclamó. El usuario cuestionó además el papel de la Agencia Nacional de Hidrocarburos (ANH) , al considerar que debería existir información anticipada sobre los puntos habilitados. El traslado representó una dificultad adicional para quienes no contaban con vehículo y tuvieron que movilizarse cargando sus garrafas. La incertidumbre continuaba incluso después de que los consumidores llegaron al nuevo punto de distribución. Una persona anotaba y enumeraba a quienes se encontraban en la fila. De acuerdo con usuarios consultados en el lugar, se esperaba la llegada de alrededor de 200 garrafas. “Doscientas llegan aquí”, afirmó una mujer que esperaba comprar GLP. La cifra, sin embargo, provenía de los propios consumidores y no de un comunicado oficial mostrado durante el reporte. Por ello, no existía certeza de que todas las personas que permanecían en la fila pudieran adquirir una garrafa. La preocupación aumentaba porque este sábado era considerado por varios usuarios como la última oportunidad para abastecerse antes del domingo, cuando temían que no hubiera distribución. Los consumidores también señalaron una mayor demanda vinculada a las actividades familiares y comerciales de estos días. “Requerimos con este tema de la festividad de Todos Santos, con nuestras costumbres familiares”, explicó uno de los entrevistados. Reclamos por falta de información Más que la existencia de la fila, el principal reclamo recogido durante la jornada estuvo dirigido a la falta de información oficial. Los usuarios cuestionaron que no se comunicaran previamente los lugares donde se vendería GLP, la cantidad de garrafas disponible y los horarios de distribución. La ausencia de esa información provocó que algunas personas hicieran fila en un punto y posteriormente tuvieran que desplazarse hacia otro. El episodio ocurre en un escenario de preocupación recurrente por el acceso al GLP, un combustible utilizado principalmente en los hogares para la preparación de alimentos.",El Deber,,https://eldeber.com.bo/economia/usuarios-madrugan-glp-potosi-denuncian-desinformacion-puntos-venta_1791070026,4,newspaper,Santa Cruz,national,0.7,2026-10-04T14:50:53.676614+00:00,2,neutral,0.9998,Transformer financiero en español,True,neutral,0.8249,neutral,0.9998,4,"Producción, inversión y régimen cambiario",0.5394,[],"[""combustibles"", ""hidrocarburos"", ""empleo""]",67,alto,"{""incertidumbre"": 1, ""falta"": 3}",{},,2026-10-04T14:50:53Z,2026-10-04T14:50:53Z,0.07,inferred_collected,True,recent,evt-12cb69c00493,1
6e9d22b2ad4052ff06db,La gasolina vuelve a escasear y la importada queda como alternativa en Santa Cruz,"La gasolina vuelve a faltar en algunas estaciones de servicio de Bolivia. Las filas reaparecieron en diferentes ciudades y, en Santa Cruz, el problema se concentra principalmente en la gasolina especial subvencionada, mientras el combustible importado por privados se mantiene como una alternativa , aunque a un precio considerablemente mayor. El problema no se limita al departamento oriental. En Cochabamba, conductores reportaron esperas desde la madrugada y filas que, en algunos puntos de la zona sur, se extendieron por varias cuadras. Situaciones similares fueron reportadas en Sucre y Riberalta. YPFB reconoció la existencia de dificultades en el suministro, pero sostiene que existen volúmenes suficientes de carburantes y atribuye las filas principalmente a una interrupción temporal en el transporte mediante cisternas. El 30 de septiembre, la petrolera estatal informó que alcanzó un acuerdo con la Cámara Boliviana de Transporte de Derivados de Petróleo (Campetrol) para reactivar el traslado de combustibles. La organización agrupa a unas 47 empresas del sector. “Las filas por la gasolina, principalmente en Santa Cruz y, seguramente, en otros sectores del país, se produjeron porque faltaba este eslabón, primordial para abastecer todo el territorio nacional”, explicó entonces el vicepresidente Nacional de Operaciones de YPFB, Víctor Hugo Blacud. La estatal aseguró que, con la reanudación del transporte , las filas deberían disminuir progresivamente. Sin embargo, tres días después del acuerdo todavía se observan problemas de abastecimiento en diferentes puntos del país. En Santa Cruz hay gasolina, pero no al mismo precio La situación genera un contraste en Santa Cruz. Mientras en algunas estaciones la gasolina especial subvencionada escasea , existen puntos donde los conductores pueden encontrar combustible importado por empresas privadas.La diferencia está en el precio. La gasolina especial mantiene un precio regulado de Bs 6,96 por litro, mientras la gasolina importada comenzó a comercializarse en septiembre en torno a Bs 18 por litro. Es decir, la alternativa privada cuesta aproximadamente 2,6 veces más que el carburante subvencionado. BioPetrol, por ejemplo, comenzó a comercializar en septiembre gasolina importada desde Argentina en estaciones de Santa Cruz y Montero. El producto se vende sin subvención estatal dentro del nuevo esquema que permite la participación privada en la importación y comercialización de carburantes. En Cochabamba, la situación volvió a mostrar otra cara del problema. En una estación de YPFB ubicada sobre la avenida Petrolera, en la zona sur, conductores entrevistados aseguraron que permanecieron durante horas esperando combustible. “Aquí desde medianoche”, respondió un transportista consultado sobre el tiempo que llevaba esperando. Otro conductor aseguró que llegó a las 02:00 y que la fila prácticamente no avanzaba. “Casi todo el día para ir a perder mi tiempo”, reclamó. El antecedente del diésel y la discusión sobre el futuro de las subvenciones han elevado la sensibilidad de los consumidores ante cualquier interrupción del abastecimiento. Paralelamente a los problemas de suministro, el Gobierno intensificó los controles sobre el destino de los carburantes subvencionados. El Ministerio de Hidrocarburos informó el 2 de octubre que la ANH utiliza el sistema B-SISA para revisar los historiales de carguío y bloquear placas cuando identifica consumos considerados irregulares. En un mes de intervención a la ANH fueron bloqueadas alrededor de 6.700 placas vinculadas con carguíos observados. Según el Gobierno, mediante estos controles se evitó el posible desvío de más de 14 millones de litros de gasolina y diésel. El ministro de Hidrocarburos, Marcelo Blanco, sostuvo además que los controles detectaron un cambio en los patrones de consumo después de la eliminación de la subvención al diésel. Según los datos presentados por la autoridad, mientras un vehículo regular del transporte público que funciona con gasolina consume alrededor de 110 litros mensuales, fueron detectados vehículos convertidos a GNV que cargaron hasta 337 litros de gasolina en un mes. El Gobierno considera que esas diferencias pueden constituir indicios de desvío hacia el mercado ilegal. Los casos considerados sospechosos pueden derivar en el bloqueo de la placa para impedir nuevos carguíos y, cuando existan indicios de almacenamiento o comercialización ilegal, ser remitidos al Ministerio Público. Durante el primer mes de intervención también fueron aprehendidas 31 personas , decomisados 24 vehículos y detectados ocho motorizados con tanques adicionales. Las autoridades reportaron además la incautación de más de 10 millones de litros de gasolina y cerca de 7 millones de litros de diésel presuntamente vinculados con operaciones irregulares. Restricciones generan reclamos Los nuevos controles también comenzaron a generar molestias entre consumidores. En algunos surtidores, usuarios denunciaron que después de permanecer varias horas en fila fueron informados de restricciones para el carguío de motocicletas sin placa. El reclamo no estaba dirigido únicamente al control, sino a la falta de información previa sobre su aplicación. En Riberalta, ciudadanos denunciaron además presuntas irregularidades en la organización de las filas. Según los testimonios, existirían listas elaboradas previamente para acceder al combustible, aunque los vehículos supuestamente anotados no siempre estarían físicamente en la fila. Estas denuncias no cuentan, por ahora, con una verificación oficial.",El Deber,,https://eldeber.com.bo/economia/gasolina-vuelve-escasear-importada-queda-alternativa-santa-cruz_1791064168,10,newspaper,Santa Cruz,national,0.7,2026-10-04T14:50:53.780774+00:00,6,neutral,1.0,Transformer financiero en español,True,neutral,0.8318,neutral,1.0,5,"Comercio exterior, desarrollo y empresas",0.6608,"[""YPFB""]","[""combustibles"", ""importaciones"", ""hidrocarburos""]",60,alto,"{""bloqueo"": 1, ""falta"": 1}",{},,2026-10-04T14:50:53Z,2026-10-04T14:50:53Z,0.07,inferred_collected,True,recent,evt-71f98f20fa31,1
b50812f26009ad0b974c,Empresarios piden al Gobierno intervenir ante Chile por incineración de madera boliviana,"La Federación de Entidades Empresariales Privadas de Cochabamba (FEPC) pidió este sábado al Gobierno boliviano intervenir ante las autoridades chilenas para frenar la incineración de cargamentos de madera nacional retenidos en ese país y preservar la mercancía que todavía permanece bajo investigación. A través de un comunicado, la organización empresarial expresó su rechazo a la destrucción de la madera y advirtió sobre las consecuencias económicas y jurídicas que, a su juicio, puede provocar la medida para las empresas exportadoras involucradas. La FEPC sostuvo que los cargamentos están bajo investigación en la región chilena de Arica y Parinacota y afirmó que existían resoluciones de suspensión temporal emitidas por la Fiscalía Regional para preservar la evidencia mientras se resolvían solicitudes pendientes. Según la institución, la incineración de parte de la mercancía impediría realizar posteriormente peritajes, contraperitajes y otras verificaciones técnicas sobre los productos investigados. “Incinerar la carga sin agotar las instancias probatorias elimina toda posibilidad de peritajes, contraperitajes y verificaciones técnicas”, señaló la Federación en su pronunciamiento. La organización calificó el procedimiento como una vulneración al debido proceso y a la seguridad jurídica. Sin embargo, esas consideraciones corresponden a la posición de la FEPC y el comunicado no incorpora la versión de las autoridades chilenas responsables de la investigación. El sector empresarial también alertó sobre el impacto económico de la destrucción de los cargamentos. La FEPC afirmó que el sector forestal reporta “pérdidas millonarias” y advirtió que el conflicto podría afectar la reputación y las relaciones comerciales de los exportadores bolivianos en mercados internacionales. El documento, sin embargo, no precisa el valor de la madera destruida, la cantidad de contenedores incinerados ni el monto total de las pérdidas , por lo que esas cifras quedan pendientes de cuantificación. Ante esta situación, la Federación solicitó al Ejecutivo boliviano intensificar las gestiones diplomáticas, jurídicas e institucionales ante Chile. La petición apunta a detener la destrucción de la mercancía restante, preservar las evidencias que forman parte de las investigaciones y garantizar que las empresas involucradas puedan ejercer su defensa. “La FEPC exige al Gobierno nacional intensificar de manera urgente e inmediata todas las acciones diplomáticas , jurídicas e institucionales ante el Gobierno de la República de Chile”, señala el comunicado. La institución argumentó que el caso adquiere relevancia económica debido al peso que tienen las exportaciones formales en la generación de divisas para Bolivia. El pronunciamiento empresarial se suma a los reclamos realizados por representantes del sector forestal boliviano tras conocerse la incineración de madera retenida en territorio chileno.",El Deber,,https://eldeber.com.bo/economia/empresarios-piden-gobierno-intervenir-chile-incineracion-madera-boliviana_1791074615,5,newspaper,Santa Cruz,national,0.7,2026-10-04T14:50:53.591926+00:00,3,neutral,0.9504,Transformer financiero en español,True,neutral,0.7251,neutral,0.9504,3,"Precios, alimentos y servicios básicos",0.8479,[],"[""tipo de cambio"", ""exportaciones""]",55,moderado,"{""conflicto"": 1}",{},,2026-10-04T14:50:53Z,2026-10-04T14:50:53Z,0.07,inferred_collected,True,recent,evt-d8d7d4d38c39,2
c7d6eb1f2d1ec603a756,ANH reporta desvío de GLP de Villazón a La Quiaca y anuncia controles,"La Agencia Nacional de Hidrocarburos (ANH) informó que cuenta con reportes sobre el desvío de Gas Licuado de Petróleo (GLP) desde Villazón, Potosí, hacia La Quiaca, Argentina, por lo que anunció el refuerzo de los controles en la zona fronteriza. El responsable de la ANH en Potosí, Luis Antezana, señaló que los operativos serán coordinados con la Policía, las Fuerzas Armadas y autoridades municipales para evitar la salida irregular del combustible destinado al mercado boliviano. “Tenemos ya información del desvío de GLP hacia La Quiaca. Entonces también vamos a realizar operativos coordinados con la Policía, con la Intendencia y los militares ”, afirmó. Según la autoridad, las garrafas bolivianas desviadas llegan a comercializarse hasta en Bs 80 en La Quiaca. La ANH no precisó la cantidad de GLP que estaría saliendo de manera irregular del país ni desde cuándo se detectaron estos movimientos. La autoridad indicó que el distrito de Potosí dispone de siete funcionarios de la ANH para realizar las tareas de fiscalización . A ellos se sumaron alrededor de 15 trabajadores desplazados por YPFB y efectivos policiales que acompañan los controles. “ Tenemos unas 15 personas que están también desplazadas de YPFB y acompañando a cada uno de estos técnicos de la ANH están también efectivos policiales”, explicó. La entidad anticipó que una parte de los operativos se concentrará en Villazón debido a los reportes sobre el traslado de garrafas hacia territorio argentino. El anuncio se conoce en medio de dificultades para acceder al GLP en la ciudad de Potosí. Este sábado, consumidores hicieron filas desde primeras horas de la mañana para adquirir garrafas y reclamaron por la falta de información sobre los lugares y horarios de distribución. La autoridad también mencionó que, en una zona fronteriza con Perú, una garrafa llegaría a venderse hasta en Bs 150. No obstante, en la declaración no identificó con precisión la localidad donde se habría registrado ese precio. La ANH anunció que mantendrá los controles para identificar el traslado irregular de GLP y evitar que el producto destinado al abastecimiento interno termine comercializándose fuera del país.",El Deber,,https://eldeber.com.bo/economia/anh-reporta-desvio-glp-villazon-quiaca-anuncia-controles_1791076637,7,newspaper,Santa Cruz,national,0.7,2026-10-04T14:50:53.312489+00:00,4,neutral,0.9999,Transformer financiero en español,True,neutral,0.783,neutral,0.9999,5,"Comercio exterior, desarrollo y empresas",0.6577,"[""YPFB""]","[""combustibles"", ""hidrocarburos""]",54,moderado,"{""falta"": 1}",{},,2026-10-04T14:50:53Z,2026-10-04T14:50:53Z,0.07,inferred_collected,True,recent,evt-ad634e692daf,1
c4c173518e0b75f64c0c,Tres estatales en situación crítica deben Bs 7.441 millones al BCB,"El Estado destinó millones de recursos para sostener empresas estatales y el Banco Central de Bolivia (BCB) fue uno de sus principales financiadores. Al cierre de 2025, cinco compañías estratégicas todavía le debían Bs 35.514 millones. El problema surge al revisar el destino de los créditos otorgados por el ente emisor a las estatales. Concretamente a Yacimientos de Litio Bolivianos (YLB), Empresa Azucarera San Buenaventura (EASBA) y Empresa Boliviana de Industrialización de Hidrocarburos (EBIH) c oncentran Bs 7.441 millones, equivalentes al 21% de toda esa cartera de financiamiento. Las tres fueron clasificadas por la Oficina Técnica para el Fortalecimiento de la Empresa Pública (OFEP) en situación crítica. El financiamiento es relevante porque, por regla general, el Banco Central no tiene entre sus funciones financiar empresas públicas. Pero durante el Gobierno del Movimiento Al Socialismo (MAS) se promulgaron distintas leyes que autorizaron de manera excepcional estos créditos para proyectos de inversión. Al cierre de 2025, YLB debía Bs 5.536 millones al Banco Central. La cifra equivale a casi tres cuartas partes de los Bs 7.441 millones que concentran las tres empresas críticas financiadas directamente por el ente emisor. Según el informe de la OFEP, YLB acumulaba Bs 527,7 millones en pérdidas hasta 2025. Los estados financieros de 2025 a los que accedió EL DEBER y revisados para este reportaje muestran además una pérdida neta de aproximadamente Bs 231,8 millones en esa gestión y un patrimonio negativo de Bs 385,8 millones. El caso de YLB destaca porque, después de más de una década de inversiones estatales, la industrialización del litio todavía no alcanzó la escala ni los resultados inicialmente previstos. El segundo caso es la Empresa Azucarera San Buenaventura. La compañía azucarera mantenía al cierre de 2025 aproximadamente Bs 1.812 millones pendientes con el Banco Central. La empresa recibió financiamiento para la construcción y puesta en marcha del complejo azucarero ubicado en el norte de La Paz. Pero sus resultados financieros muestran dificultades. La OFEP calcula que este ingenio acumuló Bs 336,3 millones en pérdidas hasta 2025 y la incorporó dentro del grupo inicial de 15 empresas públicas críticas. En sus estados financieros de 2025 registró además una pérdida cercana a Bs 15,9 millones y cerró con patrimonio negativo de Bs 228,7 millones. El tercer caso es la Empresa Boliviana de Industrialización de Hidrocarburos. Su saldo con el BCB es considerablemente menor: aproximadamente Bs 93 millones al cierre de 2025. Los estados financieros muestran, además, patrimonio negativo. Aunque su peso dentro de la cartera del Banco Central es pequeño frente a YLB o Easba, su situación completa el cuadro: tres de las cinco empresas que aún mantenían créditos con el BCB terminaron en el primer grupo de estatales con graves problemas financieros y deben cerrarse. Al cierre de 2025, la cartera directa del BCB con empresas estratégicas estaba concentrada en cinco compañías. ENDE mantenía Bs 18.749 millones; YPFB, Bs 9.325 millones; YLB, Bs 5.536 millones; Easba, Bs 1.812 millones; y EBIH, Bs 93 millones. En total: Bs 35.514 millones. Durante 2025 el flujo comenzó a revertirse . El Banco Central desembolsó solamente Bs 66 millones nuevos para empresas públicas, destinados al Parque Eólico Warnes de ENDE . Las amortizaciones fueron mayores que los nuevos desembolsos. El comportamiento muestra que el ciclo de financiamiento de grandes proyectos perdió intensidad y entró en una etapa donde adquiere mayor importancia la recuperación de los recursos prestados. El cambio siguió en 2026. Durante el primer semestre, el BCB informó que no concedió nuevos créditos al sector público que expandieran la Base Monetaria. El peso de los créditos del Banco Central está concentrado en ENDE y YPFB que presentan una situación financiera diferente. Entre ambas debían Bs 28.074 millones al BCB al cierre de 2025, equivalentes a cerca del 79% de los Bs 35.514 millones que las cinco empresas estratégicas mantenían pendientes con el ente emisor. ENDE es, por amplio margen, la principal deudora. La empresa eléctrica cerró 2025 con Bs 18.749 millones pendientes con el BCB, equivalentes a casi el 53% de toda esta cartera El monto está relacionado con el financiamiento de proyectos de generación eléctrica. En los últimos años, los desembolsos del Banco Central hacia ENDE estuvieron dirigidos a proyectos hidroeléctricos y eólicos. La eléctrica estatal comenzó 2025 debiendo Bs 19.648 millones al BCB. Durante la gestión recibió otros Bs 66 millones, pero amortizó Bs 966 millones. Como resultado, su deuda terminó en Bs 18.749 millones. Es decir, pese a recibir nuevos recursos, ENDE redujo en alrededor de Bs 899 millones su saldo con el Banco Central durante 2025. Además, los estados financieros analizados para este reportaje muestran que la estatal cerró 2025 con una utilidad neta de Bs 2.419 millones. Yacimientos presenta un comportamiento similar. Comenzó 2025 con una deuda de Bs 9.500 millones con el Banco Central. Durante esa gestión no recibió nuevos desembolsos directos del BCB y amortizó Bs 175 millones, con lo que el saldo disminuyó hasta Bs 9.325 millones al cierre del año. YPFB concentra el 26% de toda la cartera directa del BCB con las empresas estratégicas. Los estados financieros revisados muestran, además, que YPFB cerró 2025 con una utilidad neta cercana a Bs 2.787 millones. La radiografía realizada este año por la OFEP muestra que las dificultades del sector empresarial público exceden a las compañías financiadas por el BCB. En julio, la entidad presentó información sobre 15 empresas críticas. Ese grupo había recibido Bs 18.227,6 millones en créditos de diferentes fuentes. A 2025 todavía mantenía un saldo vigente de Bs 16.273,4 millones y registraba Bs 1.182,9 millones en cuotas vencidas. Además, había recibido Bs 8.154,9 millones en aportes de capital del TGN y Bs 148 millones en donaciones. Sumando créditos, capital y donaciones, hay Bs 26.530,5 millones de recursos públicos comprometidos en esas 15 empresas. Posteriormente, el diagnóstico se amplió a las 67 empresas registradas y determinó que 20 están en situación crítica. Además de los préstamos concedidos por el BCB a las empresas estratégicas, existieron aportes del TGN y créditos canalizados mediante mecanismos como el Fondo para la Revolución Industrial Productiva (FINPRO). Los economistas Julio Linares y Germán Molina coinciden en que una parte de las empresas deficitarias debería cerrarse. Sin embargo, plantean matices sobre cómo hacerlo y cuáles deberían mantenerse. Linares sostiene una posición más radical. Considera que el Gobierno debería concentrar sus esfuerzos en un reducido grupo de empresas estratégicas y dejar de financiar aquellas que no muestran posibilidades de sostenibilidad. “Las demás hay que cerrarlas. No hay por qué pensar que las vas a fortalecer o reformar”, afirmó. Según el economista, antes de discutir procesos de fortalecimiento o reestructuración, el Estado debería cortar el financiamiento a las compañías que no tienen perspectivas de sostenibilidad. “Lo que hay que hacer de frente es cerrar cosas, cerrar de una vez. Al menos secarlas”, señaló. Molina también considera que continuar financiando empresas deficitarias puede profundizar el problema, pero advierte que cerrar las compañías de mayor tamaño tiene costos que el Estado deberá asumir. “Es más económico cerrarlas y que estas no continúen funcionando, porque siguen gastando y no generan ingresos suficientes para cubrir sus gastos”, señaló el especialista. El viernes, el Fondo Monetario Internacional (FMI) desembolsó $us 214 millones de un paquete global de $us 1.900 millones. El programa está sujeto a varios requisitos y condiciones que tienen que ver con la reducción del déficit fiscal y eficiencia administrativa del Estado que tiende a cerrar las empresas no productivas. OFEP: planta de litio opera al 14% y San Buenaventura utiliza solo 26% de su capacidad para producir azúcar Dos grandes proyectos industriales impulsados por el Estado operan muy por debajo de su capacidad. Según el director de la Oficina Técnica para el Fortalecimiento de la Empresa Pública (OFEP), Pablo Camacho, una de las plantas de Yacimientos de Litio Bolivianos (YLB) trabaja al 14%, mientras que la Empresa Azucarera San Buenaventura (EASBA) utilizó apenas el 26% de su capacidad efectiva durante 2025. En el caso del litio, Camacho afirmó que se destinaron alrededor de Bs 6.100 millones al proyecto, pero cuestionó los resultados alcanzados. La situación de EASBA muestra un problema persistente de subutilización. En 2025, el ingenio molió 147.747 toneladas de caña y produjo 255.148 quintales de azúcar, utilizando apenas el 26% de su capacidad efectiva. El problema no corresponde únicamente a esa gestión. Los registros que entre 2018 y 2025 San Buenaventura nunca superó el 32% de utilización efectiva. Camacho atribuyó parte de esta situación a la insuficiente disponibilidad de caña para abastecer al ingenio ubicado en La Paz.",El Deber,,https://eldeber.com.bo/economia/tres-estatales-situacion-critica-deben-bs-7-441-millones-bcb_1791079688,15,newspaper,Santa Cruz,national,0.7,2026-10-04T14:50:53.103657+00:00,10,neutral,1.0,Transformer financiero en español,True,neutral,0.725,neutral,1.0,2,"Política fiscal, gestión pública y sistema financiero",0.3167,"[""BCB"", ""YPFB"", ""FMI""]","[""déficit fiscal"", ""litio"", ""hidrocarburos"", ""sistema financiero""]",53,moderado,"{""déficit"": 1, ""pérdida"": 2, ""insuficiente"": 1}","{""recuperación"": 1, ""fortalecimiento"": 3}",,2026-10-04T14:50:53Z,2026-10-04T14:50:53Z,0.07,inferred_collected,True,recent,evt-5d29e3a5a9b4,1
317b4b80fa8786c33607,El FMI libera un primer desembolso de $us 214 millones del paquete de $us 1.900 millones para Bolivia,"El Directorio Ejecutivo del Fondo Monetario Internacional (FMI) aprobó este viernes el acuerdo de financiamiento por aproximadamente $us 1.900 millones para Bolivia y habilitó un desembolso inmediato de $us 214 millones , con lo que el programa económico negociado desde mediados de año entra formalmente en etapa de ejecución. El financiamiento se otorgará mediante el Servicio Ampliado del Fondo (SAF) y tendrá una duración de 36 meses. Sin embargo, los $us 1.900 millones no llegarán de una sola vez: después del primer giro, los siguientes desembolsos dependerán del cumplimiento del programa y de las revisiones periódicas que realice el organismo. La aprobación cierra un proceso que comenzó públicamente el 29 de julio , cuando el Gobierno y el personal técnico del FMI alcanzaron un acuerdo preliminar por 1.369 millones de Derechos Especiales de Giro (DEG), equivalentes entonces a unos $us 1.900 millones. El monto representa el 570% de la cuota de Bolivia ante el organismo. El acuerdo pasó posteriormente por la Asamblea Legislativa. Diputados lo aprobó el 17 de septiembre con más de dos tercios de los votos y el Senado completó el trámite un día después, también con un respaldo superior a los dos tercios, antes de su remisión al Ejecutivo. El programa apunta a restablecer la estabilidad macroeconómica, reconstruir las reservas internacionales, reducir las vulnerabilidades fiscales y externas, fortalecer el sistema financiero y proteger a los sectores vulnerables , además de generar condiciones para un crecimiento con mayor participación de la inversión privada. Una de las áreas centrales será la fiscal. El FMI plantea colocar la deuda pública en una trayectoria descendente mediante una mayor eficiencia del gasto, la atención de obligaciones pendientes, reformas de las empresas públicas y el fortalecimiento de las instituciones fiscales. El punto de mayor impacto estará en los combustibles. El programa establece la eliminación gradual de los subsidios restantes mediante un mecanismo automático de fijación de precios , acompañada por medidas de protección social mejor focalizadas para amortiguar el efecto sobre los hogares de menores ingresos. Bolivia ya comenzó a modificar parcialmente el esquema de subvenciones. En agosto, mediante el Decreto Supremo 5676, el Gobierno fijó en Bs 18 el litro de diésel para grandes consumidores , mientras mantuvo en Bs 9,80 el precio para vehículos particulares y para el transporte que carga directamente en las estaciones de servicio. El programa aprobado este viernes va más allá de esa medida y proyecta avanzar gradualmente hacia un nuevo mecanismo de precios para los subsidios que todavía permanecen. Otro de los cambios estructurales está relacionado con el dólar. El FMI respalda una transición hacia un régimen de tipo de cambio determinado por el mercado , junto con el abandono del financiamiento del déficit fiscal por parte del Banco Central de Bolivia (BCB) y el tránsito hacia metas de base monetaria. La estrategia contempla también una administración prudente de la liquidez, acumulación de reservas internacionales e intervenciones cambiarias limitadas a situaciones de desorden del mercado. El organismo plantea, además, fortalecer la autonomía, gobernanza y rendición de cuentas del Banco Central. El acuerdo técnico alcanzado en julio ya establecía como compromiso mantener en cero el financiamiento monetario del déficit fiscal. En materia estructural, el programa incorpora reformas destinadas a mejorar el clima de negocios, reducir distorsiones en los mercados, fortalecer la gobernanza, atraer inversión privada y promover la generación de empleo formal. Tras la reunión del Directorio, Nigel Clarke, director gerente adjunto del FMI y presidente interino de la sesión, destacó las medidas adoptadas por las autoridades bolivianas durante el último año para enfrentar desequilibrios acumulados y advirtió que el resultado del programa dependerá de una aplicación sostenida de las reformas, una adecuada planificación frente a contingencias y el respaldo de otros organismos multilaterales. Precisamente, uno de los efectos que busca el acuerdo es abrir la puerta a nuevos recursos externos. Cuando se alcanzó el entendimiento técnico en julio, el FMI calculó que su participación podía ayudar a movilizar un paquete más amplio de financiamiento de al menos $us 5.000 millones durante los tres años del programa, incluidos recursos del Banco Mundial, el Banco Interamericano de Desarrollo y otros socios. Después de la aprobación definitiva, el Ministerio de Economía señaló que el organismo estima que el acuerdo podría movilizar aproximadamente $us 4.000 millones adicionales provenientes de otras instituciones financieras internacionales. Ese esquema forma parte de una estrategia más amplia de financiamiento externo promovida por el Gobierno de Rodrigo Paz. El mandatario informó el 28 de septiembre que las negociaciones con el FMI, Banco Mundial, BID y CAF forman parte de gestiones por alrededor de $us 10.000 millones para los próximos dos a tres años , aunque esos recursos corresponden a distintos programas, condiciones y etapas de negociación. Con el primer desembolso de $us 214 millones, Bolivia ingresa ahora a la fase de seguimiento del FMI. A partir de este punto, cada revisión será determinante para habilitar nuevos giros durante los 36 meses de vigencia del acuerdo.",El Deber,,https://eldeber.com.bo/economia/fmi-libera-primer-desembolso-us-214-millones-paquete-us-1-900-millones-bolivia_1790988034,19,newspaper,Santa Cruz,national,0.7,2026-10-04T14:50:53.947022+00:00,14,neutral,1.0,Transformer financiero en español,True,neutral,0.8107,neutral,1.0,3,"Precios, alimentos y servicios básicos",0.8339,"[""BCB"", ""MEFP"", ""FMI"", ""BID"", ""CAF"", ""Banco Mundial""]","[""tipo de cambio"", ""reservas internacionales"", ""combustibles"", ""deuda pública"", ""déficit fiscal"", ""empleo"", ""sistema financiero""]",50,moderado,"{""déficit"": 2}","{""crecimiento"": 1, ""estabilidad"": 1, ""fortalecimiento"": 1}",,2026-10-04T14:50:53Z,2026-10-04T14:50:53Z,0.07,inferred_collected,True,recent,evt-129438f9004d,1
bc859528f70c9bbaaf28,Gobierno plantea impulsar producción indígena y acceso a financiamiento climático,"El Gobierno busca ampliar las fuentes de ingresos de los pueblos indígenas de las tierras bajas mediante el aprovechamiento de productos amazónicos y el acceso a mecanismos internacionales de financiamiento climático, entre ellos los bonos de carbono. El planteamiento fue realizado este sábado por el ministro de Producción Sostenible, Medio Ambiente y Agua, Óscar Mario Justiniano, durante el 44 aniversario de la Confederación de Pueblos Indígenas del Oriente, Chaco y Amazonia de Bolivia (CIDOB), celebrado en Santa Cruz. Justiniano sostuvo que existe potencial económico en actividades vinculadas a la castaña, asaí, cacao amazónico y café , además del aprovechamiento de productos maderables y no maderables. “El desarrollo productivo con identidad para los pueblos indígenas es esencial. Hablar de la producción de productos maderables y no maderables, particularmente de la castaña, del asaí, del cacao amazónico que puede conquistar el 5% del mercado mundial , al igual que el café. La esperanza pasa por tener desarrollo”, afirmó. La autoridad no precisó durante su intervención el volumen de inversiones que requerirían estos proyectos ni los plazos para su implementación. El segundo frente planteado por Justiniano está relacionado con el financiamiento climático . El ministro señaló que Bolivia necesita posicionarse ante la comunidad internacional para acceder a recursos destinados a conservación ambiental y mecanismos como los bonos de carbono. Según explicó, el Gobierno comenzó a socializar la normativa vinculada a estos instrumentos con organizaciones indígenas matrices e instituciones territoriales. El desafío será convertir esas normas y negociaciones en proyectos capaces de generar recursos para las comunidades y establecer cómo se distribuirán los eventuales beneficios económicos. Justiniano ya había señalado anteriormente que existen territorios indígenas que avanzaron en la cuantificación de la captura de carbono, pero que enfrentaron dificultades para monetizar esos resultados ante la ausencia de un marco normativo que permitiera operar estos mecanismos en el país. Las declaraciones se produjeron durante la conmemoración de los 44 años de la CIDOB. Al encuentro también asistió el ministro de Obras Públicas, Mauricio Zamora , además de representantes de diferentes territorios indígenas. Justiniano transmitió un saludo del presidente Rodrigo Paz y señaló que el Ejecutivo pretende mantener espacios de coordinación con las organizaciones indígenas. La dirigencia de la CIDOB, encabezada por Lino Illimuri, agradeció la presencia de las autoridades. Paralelamente al acto se realizó una feria productiva y artesanal, en la que representantes de distintas comunidades exhibieron productos e iniciativas desarrolladas en sus territorios. La CIDOB fue fundada el 3 de octubre de 1982 en Santa Cruz de la Sierra, inicialmente bajo el nombre de Central Indígena del Oriente Boliviano. Actualmente, según información de la organización, representa a 34 naciones y pueblos indígenas agrupados en 15 regionales del Oriente, Chaco y Amazonia.",El Deber,,https://eldeber.com.bo/economia/gobierno-plantea-impulsar-produccion-indigena-acceso-financiamiento-climatico_1791060912,3,newspaper,Santa Cruz,national,0.7,2026-10-04T14:50:53.859470+00:00,2,favorable,0.9999,Transformer financiero en español,False,neutral,0.914,favorable,0.9999,2,"Política fiscal, gestión pública y sistema financiero",0.6447,[],[],50,moderado,{},{},,2026-10-04T14:50:53Z,2026-10-04T14:50:53Z,0.07,inferred_collected,True,recent,evt-76733b715204,1
6c3eea4e2a606abaddaa,ASFI: DS 5630 NO NECESITA REGLAMENTACIÓN Y DEBE SER CUMPLIDO DE INMEDIATO POR LAS ENTIDADES DE INTERMEDIACIÓN FINANCIERA | ASFI,"Tras recibir denuncias de consumidores financieros contra bancos y otras entidades de intermediación financiera que rechazan o condicionan la atención de solicitudes de refinanciamiento y/o reprogramación de créditos bajo el argumento de la ausencia de una reglamentación adicional, la Autoridad de Supervisión del Sistema Financiero (ASFI) ratificó que el Decreto Supremo N° 5630 se encuentra plenamente vigente, no requiere normativa complementaria para su aplicación y su cumplimiento es obligatorio e inmediato. En ese sentido, en ente regulador aseguró que ninguna entidad financiera puede negarse a recibir, evaluar o atender las solicitudes de alivio financiero presentadas por los prestatarios. El Decreto Supremo N° 5630 establece las obligaciones que las entidades financieras deben cumplir para atender a los prestatarios cuya capacidad de pago fue afectada por conflictos sociales, bloqueo de caminos y otros eventos adversos registrados en el país durante los últimos días. En cumplimiento de su rol, ASFI supervisa el cumplimiento de esta disposición. Mediante las Cartas Circulares 1324/2026 y 1345/2026, instruyó a todas las entidades financieras adoptar las acciones necesarias para atender a los prestatarios afectados, adecuar sus procesos internos y brindar información clara, oportuna y accesible a los consumidores financieros. Los consumidores financieros afectados tienen el derecho de solicitar la evaluación de mecanismos de alivio, como la reprogramación y/o refinanciamiento de sus créditos, conforme a las condiciones establecidas en el Decreto Supremo. En caso de que una entidad financiera rechace una solicitud o condicione su atención con el argumento de la falta de reglamentación, el consumidor financiero debe registrar inmediatamente su reclamo en el Punto de Reclamo de la misma entidad y comunicar el caso a ASFI a través de las Defensorías del Consumidor Financiero o la Línea Gratuita 800 103 103. Finalmente, ASFI sostuvo que continuará con la estricta supervisión al cumplimiento del Decreto Supremo N° 5630 y adoptará las acciones que correspondan ante cualquier incumplimiento que vulnere los derechos de los consumidores financieros.",ASFI,,https://www.asfi.gob.bo/node/1394,4,official,La Paz,national,0.95,2026-10-04T14:50:20.101570+00:00,3,neutral,1.0,Transformer financiero en español,True,neutral,0.93,neutral,1.0,3,"Precios, alimentos y servicios básicos",0.6921,"[""ASFI""]","[""sistema financiero""]",60,alto,"{""bloqueo"": 1, ""falta"": 1}",{},,2026-10-04T14:50:20Z,2026-10-04T14:50:20Z,0.08,inferred_collected,True,recent,evt-324ed9d137b7,1
64a92c1baa079cc90169,ASFI PROMUEVE UNA ESTRATEGIA FINANCIERA MÁS INCLUSIVA CON EL APORTE MULTISECTORIAL | ASFI,"Con el consenso entre organizaciones sociales, la banca, organismos internacionales y sectores productivos, la Autoridad de Supervisión del Sistema Financiero (ASFI) concluyó las jornadas de diálogo para la construcción de la Estrategia Nacional de Inclusión Financiera (ENIF) 2026 – 2031. Esta iniciativa sentó las bases para democratizar y transformar el acceso a los servicios financieros en el país. El director General Ejecutivo de ASFI, Mario Requena, remarcó que los lineamientos de la ENIF marcan el rumbo hacia la modernización del sistema financiero de Bolivia, con énfasis en el bienestar integral, la salud financiera de sectores en situación de vulnerabilidad y la autonomía económica de las familias. Durante tres jornadas, jóvenes, mujeres emprendedoras, adultos mayores, representantes de la banca y actores de bionegocios de la Amazonía, el Chaco y la Chiquitanía expusieron sus realidades territoriales y las necesidades financieras que enfrenta cada sector. Personal de ASFI recogió estos aportes con el respaldo técnico del Ministerio de Economía y Finanzas Públicas, el Banco Central de Bolivia, la Autoridad de Pensiones y Seguros, la Unidad de Investigaciones Financieras y organismo internacionales como la Sparkassenstiftung Alemana y la Fundación PROFIN. Para responder a estas demandas, se promoverá el uso seguro de herramientas digitales como billeteras móviles y pagos mediante código QR con el fin de llegar a los 336 municipios del país. De igual manera, se reforzará la educación financiera de la población y se optimizarán los mecanismos de protección ante fraudes, además de ajustar la normativa financiera para ofrecer seguridad jurídica e incentivar las inversiones que dinamicen la economía nacional. Durante esta gestión, el Gobierno oficializará la ENIF mediante un Decreto Supremo, para dar inicio a la fase de supervisión, adecuación de los servicios financieros y la difusión de las medidas.",ASFI,,https://www.asfi.gob.bo/node/1456,7,official,La Paz,national,0.95,2026-10-04T14:50:19.273557+00:00,6,neutral,1.0,Transformer financiero en español,True,neutral,0.9356,neutral,1.0,3,"Precios, alimentos y servicios básicos",0.7425,"[""BCB"", ""ASFI"", ""MEFP""]","[""sistema financiero""]",50,moderado,{},{},,2026-10-04T14:50:19Z,2026-10-04T14:50:19Z,0.08,inferred_collected,True,recent,evt-300f14977779,1
1c775c04a3952c305843,Cajeros automáticos para personas con discapacidad | ASFI,"En el marco de lo establecido en el Artículo 74 de la Ley de Servicios Financieros N° 393, los consumidores financieros gozan del acceso a los servicios financieros con trato equitativo sin discriminación, por tal motivo la Autoridad de Supervisión del Sistema Financiero - ASFI regula la implementación de Cajeros Automáticos para personas con discapacidad física, motora y visual.",ASFI,,https://www.asfi.gob.bo/la/cajeros-automaticos-para-personas-discapacidad,2,official,La Paz,national,0.95,2026-10-04T14:50:16.746167+00:00,2,neutral,1.0,Transformer financiero en español,True,neutral,0.8934,neutral,1.0,3,"Precios, alimentos y servicios básicos",0.856,"[""ASFI""]","[""sistema financiero""]",50,moderado,{},{},,2026-10-04T14:50:16Z,2026-10-04T14:50:16Z,0.08,inferred_collected,True,recent,evt-aed73ecbf855,1
51094cc147fe0650cff6,CAF: Latinoamérica genera alimentos para 1.300 millones de personas,"Latinoamérica y el Caribe produce alimentos para unas 1.300 millones de personas y concentra el 50% de la biodiversidad mundial , según datos difundidos por el Banco de Desarrollo de América Latina y el Caribe ( CAF ). El organismo, destacó en un informe oficial, el peso estratégico de la región para producción y el comercio agropecuario global. La región concentra además el 14% de los cultivos del mundo y aporta el 18,4% de las exportaciones agrícolas mundiales , equivalentes a unos $us 238.000 millones al año . También conuslte: FMI destinó $us 40.000 MM en financiamiento a 18 países durante 2026 Sin embargo, la CAF advierte que una parte importante de esta producción no llega al consumidor. “El 14% de lo que se produce en el mundo se pierde antes de llegar al consumidor y otro 19% se desperdicia en hogares, comercios y restaurantes”, señala el organismo. Estos datos reflejan uno de los principales desafíos para el sector agroalimentario regional: reducir las pérdidas durante la cadena de producción y distribución y, al mismo tiempo, disminuir el desperdicio que se genera en los puntos de consumo. Frente a este escenario, la CAF informó que durante la última década destinó más de $us 4.000 millones a proyectos vinculados con la prosperidad agropecuaria de Latinoamérica y el Caribe. “En la última década invertimos más de $us 4.000 millones en la prosperidad agropecuaria de la región”, indicó la entidad. La institución estableció además una meta de $us 8.500 millones de inversión acumulada hasta 2030 , con el objetivo de continuar apoyando el desarrollo del sector agropecuario regional. La CAF difundirá estos datos durante su participación en Fruit Attraction 2026 , feria internacional que se desarrollará del 6 al 8 de octubre en IFEMA Madrid , donde la institución abordará los desafíos y oportunidades de la producción agroalimentaria de América Latina y el Caribe.",La Razón,2026-10-03T22:36:08+00:00,https://larazon.bo/economia-y-empresa/2026/10/03/caf-latinoamerica-genera-alimentos-para-1-300-millones-de-personas,4,newspaper,La Paz,national,0.7,2026-10-04T14:51:00.713267+00:00,3,neutral,1.0,Transformer financiero en español,True,neutral,0.7131,neutral,1.0,2,"Política fiscal, gestión pública y sistema financiero",0.4595,"[""FMI"", ""CAF""]","[""exportaciones""]",50,moderado,{},{},2026-10-03T22:36:08Z,2026-10-04T14:51:00Z,2026-10-03T22:36:08Z,16.32,published,True,recent,evt-5b14f73b0178,1
568c28ea6ecd84aaadd8,FEPC advierte daño económico y reputación por incineración de carga boliviana en Chile,"La Federación de Entidades Empresariales Privadas de Cochabamba (FEPC) expresó su firme rechazo a la incineración de mercancía exportable boliviana retenida en territorio chileno y manifestó su total respaldo al sector forestal y exportador afectado por estos procedimientos, al considerar que la destrucción de cargamentos sometidos a investigación genera consecuencias económicas, jurídicas y reputacionales de carácter irreversible. El pronunciamiento institucional se produce ante la retención e incineración de cargamentos de madera boliviana en la Región de Arica y Parinacota, en el marco de investigaciones relacionadas con la presunta presencia de sustancias ilícitas. La FEPC señaló que cualquier proceso de investigación debe desarrollarse bajo condiciones de transparencia, preservación de evidencia, debido proceso y posibilidad efectiva de realizar peritajes y contraperitajes. La FEPC advirtió que la destrucción de mercancía mientras existen actuaciones y solicitudes pendientes limita las posibilidades de verificación técnica y afecta las garantías jurídicas de las empresas bolivianas involucradas. “La incineración de mercancía sometida a investigación elimina la posibilidad de realizar peritajes, contraperitajes y verificaciones técnicas, generando un daño económico y reputacional que puede resultar irreversible para las empresas exportadoras bolivianas”, señala el comunicado institucional. Daño económico y a la reputación La FEPC remarcó que la afectación trasciende el valor inmediato de la mercancía destruida. El impacto alcanza a la continuidad de contratos comerciales, la confianza de compradores internacionales, la reputación de los exportadores bolivianos y la permanencia de productos nacionales en mercados externos construidos durante años. La máxima institución representativa de la iniciativa privada sostuvo que cualquier afectación reputacional sobre el sector exportador formal puede traducirse en mayores exigencias comerciales, pérdida de mercados, reducción de operaciones y menor capacidad de generación de divisas para la economía nacional. La FEPC diferenció las operaciones de comercio exterior formal de cualquier eventual actividad ilícita que corresponda ser investigada por las autoridades competentes, señalando que las investigaciones deben concentrarse en responsabilidades específicas y desarrollarse con respaldo técnico y jurídico. FEPC exige intervención del Gobierno En su Comunicado la FEPC exige al Gobierno Nacional intensificar de manera inmediata las acciones diplomáticas, jurídicas e interinstitucionales ante el Gobierno de la República de Chile para detener nuevas destrucciones de mercancía, preservar las evidencias pendientes, garantizar un proceso transparente y proteger los derechos de los operadores bolivianos legalmente establecidos. La Federación de Entidades Empresariales Privadas de Cochabamba subrayó que el sector exportador constituye una de las principales fuentes de ingreso de divisas para Bolivia y, en el actual contexto económico, requiere condiciones de certidumbre jurídica, continuidad logística y protección institucional frente a medidas que puedan comprometer su presencia en mercados internacionales. “El Gobierno Nacional debe asumir una intervención activa para hacer respetar los derechos del empresariado boliviano y proteger a un sector que aporta divisas, genera empleo y sostiene relaciones comerciales estratégicas para la economía del país”, establece el documento. La FEPC concluyó que la defensa del comercio exterior legal exige certidumbre, rigor técnico, respeto al debido proceso y cumplimiento de los tratados y garantías internacionales aplicables al tránsito y comercio de mercancías bolivianas.",Los Tiempos,2026-10-03T11:43:00-04:00,https://www.lostiempos.com/actualidad/economia/20261003/fepc-advierte-dano-economico-reputacion-incineracion-carga-boliviana,5,newspaper,Cochabamba,national,0.7,2026-10-04T14:51:03.128081+00:00,5,neutral,0.9999,Transformer financiero en español,True,neutral,0.8719,neutral,0.9999,3,"Precios, alimentos y servicios básicos",0.8228,[],"[""tipo de cambio"", ""empleo""]",55,moderado,"{""pérdida"": 1}",{},2026-10-03T15:43:00Z,2026-10-04T14:51:03Z,2026-10-03T15:43:00Z,23.2,published,True,recent,evt-d8d7d4d38c39,2
8274dc07d712dde4e50a,Santa Cruz busca integrar su logística y fortalecer sus exportaciones,"Santa Cruz concentra una parte importante de la actividad productiva y exportadora de Bolivia, pero la competitividad de esa producción depende cada vez más de su capacidad para llegar a los mercados externos de manera rápida, segura y previsible. Carreteras, ferrocarriles, hidrovías, puertos y pasos fronterizos todavía funcionan como eslabones que no siempre están conectados entre sí, mientras el sector privado plantea avanzar hacia un sistema logístico integrado que permita reducir tiempos, costos e incertidumbre. Los datos del Instituto Nacional de Estadística (INE), elaborados por el Instituto Boliviano de Comercio Exterior (IBCE), muestran la magnitud de los flujos que debe soportar esta infraestructura. En 2025, Santa Cruz exportó 4,93 millones de toneladas de productos por un valor de $us 2.315,7 millones. Entre enero y julio de 2026, las exportaciones alcanzaron 2,71 millones de toneladas y $us 1.307 millones, según datos preliminares. La canasta exportadora está concentrada en productos que requieren una logística eficiente debido a sus volúmenes y a las distancias hasta los mercados internacionales. Torta y residuos de soya, gas natural, aceite de soya, carne bovina, azúcar, oro, harina de soya, chía, sésamo y otros productos agrícolas e industriales figuran entre los principales envíos. Para la Cámara Regional de Despachantes de Aduana de Santa Cruz (CRDA-SC), esta capacidad productiva pierde competitividad cuando la carga no puede movilizarse de manera rápida, segura y previsible. “La competitividad de este sector de oriente no depende únicamente de producir más, sino de poder mover la producción e importar insumos de manera más rápida, segura y previsible”, señaló Álvaro Raúl Obando Rivera, presidente de la CRDA-SC. La Cámara de Exportadores de Santa Cruz (Cadex) identifica los costos logísticos como uno de los factores estructurales que afectan la competitividad. De acuerdo con un estudio de 2019 citado por la institución, los costos logísticos representaban 18% del costo total en Bolivia, frente a un promedio de 14% en América Latina y el Caribe. El problema no se limita al precio del transporte. Cadex identifica el deterioro de las carreteras, las interrupciones durante la época de lluvias, la congestión, las restricciones fronterizas y los bloqueos como factores que afectan tanto el costo como la previsibilidad del comercio exterior. La institución también cita un estudio de conectividad de Cepal de 2024, que registró tiempos de espera de entre 24 y 86 horas en pasos fronterizos, dependiendo del punto de cruce. Alrededor del 60% de las exportaciones bolivianas se moviliza por carretera, según Cadex. Esta dependencia vuelve especialmente relevante la condición y confiabilidad de los corredores que conectan a Santa Cruz con las fronteras y los puertos internacionales. El Índice de Desempeño Logístico 2023 del Banco Mundial, también citado por Cadex, otorgó a Bolivia una puntuación de 2,4 sobre 5, ubicando al país en el puesto 115 entre 139 economías. Para Ferroviaria Oriental, el transporte ferroviario constituye uno de los componentes de un sistema multimodal. Ángel Sandoval, gerente de Relaciones Externas de la empresa, explicó que la compañía ha realizado inversiones por aproximadamente $us 307 millones durante 30 años para ampliar su capacidad de transporte. La empresa cuenta actualmente con 35 locomotoras y alrededor de 2.000 vagones, después de incorporar 12 locomotoras y aproximadamente 1.200 vagones durante su proceso de inversión. Su capacidad supera los 3 millones de toneladas anuales, mientras que el mayor volumen movilizado en un año llegó a aproximadamente 2,4 millones de toneladas, según Sandoval. Entre los productos que moviliza se encuentran soya, cemento, hierro, urea y fertilizantes, además de diferentes tipos de carga importada. Sandoval plantea que el ferrocarril no debe entenderse como sustituto del transporte carretero, sino como parte de una cadena logística más amplia. El camión puede encargarse de recoger la producción desde las zonas agrícolas e industrias, mientras el tren puede transportar grandes volúmenes a mayores distancias para luego conectarlos con puertos o vías fluviales. Hidrovía y Puerto Busch se perfilan como alternativa hacia el Atlántico, pero su consolidación requiere mejorar la navegabilidad, las conexiones, además de los servicios logísticos y aduaneros Para el sector privado, la Hidrovía Paraguay-Paraná representa una de las principales alternativas para diversificar las rutas internacionales de Santa Cruz. Cadex considera que una navegación confiable durante todo el año permitiría fortalecer el transporte de cargas a granel, especialmente productos agroindustriales y minerales. Una operación más previsible podría reducir costos asociados a esperas, almacenamiento, reprogramaciones y transbordos, además de ofrecer una alternativa complementaria a las rutas del Pacífico. La CRDA-SC, por su parte, considera que la hidrovía debería formar parte de una política nacional de comercio exterior debido a su conexión con el Atlántico. Según Obando, actualmente la vía tiene una navegabilidad efectiva de cinco a seis meses al año, lo que limita su capacidad para convertirse en una alternativa logística permanente. En este contexto aparece Puerto Busch, aunque el proyecto requiere más que infraestructura portuaria. Cadex identifica la necesidad de contar con acceso vial durante todo el año, conexión ferroviaria, instalaciones para almacenamiento y manipulación de carga, además de servicios aduaneros, sanitarios, de seguridad y trazabilidad. Ferroviaria Oriental también considera estratégica la hidrovía y plantea mejorar las condiciones de navegación del Canal Tamengo, mediante trabajos de mantenimiento y dragado que permitan reducir tiempos y costos. La concepción del Corredor Bioceánico también comienza a plantearse desde una perspectiva más amplia. Para la CRDA-SC, no debería entenderse únicamente como una carretera que conecta los océanos Atlántico y Pacífico. “Tenemos que cambiar la visión sectorial a una visión integral de la logística”, afirmó Obando. Desde esta perspectiva, el corredor debería integrar carreteras, ferrocarriles, puertos, centros de distribución, zonas industriales, servicios aduaneros y sistemas digitales. La CRDA-SC considera que la posición geográfica de Bolivia entre ambos océanos puede generar mayor valor económico si las diferentes redes de infraestructura se conectan en lugar de desarrollarse de manera aislada. Cadex plantea una visión similar. Una nueva carretera pierde parte de su valor si el puerto de destino no tiene capacidad; un ferrocarril pierde competitividad si no cuenta con terminales adecuadas; y una hidrovía resulta menos atractiva si el transporte terrestre y los trámites administrativos agregan días a la cadena logística. CADEX plantea modernizar la infraestructura fronteriza y agilizar la VUCE mediante el intercambio electrónico de información, controles coordinados y horarios compatibles. Ferroviaria Oriental apunta a mejorar la “logística blanda”, reduciendo demoras en los procedimientos aduaneros, controles sanitarios, entre otros. La CRDA-SC propone fortalecer la coordinación entre la Aduana y las agencias despachantes para reducir los tiempos de gestión y abordar los problemas de manera conjunta. En el siguiente enlace puedes ver la Edición #68, que presenta el siguiente contenido de valor en negocios y finanzas: https://www.calameo.com/read/006889564a4be1e52aad0",Economy,2026-10-03T11:10:32-04:00,https://www.economy.com.bo/articulo/economia/santa-cruz-busca-integrar-logistica-fortalecer-exportaciones/20261003111032024326.html,12,business,Santa Cruz,national,0.85,2026-10-04T14:50:55.158866+00:00,8,favorable,0.9999,Transformer financiero en español,False,neutral,0.8468,favorable,0.9999,0,"Sector productivo, automotor y actividad empresarial",0.7523,"[""INE"", ""Aduana Nacional"", ""IBCE"", ""Banco Mundial""]","[""exportaciones"", ""hidrocarburos""]",61,alto,"{""incertidumbre"": 1, ""deterioro"": 1}",{},2026-10-03T15:10:32Z,2026-10-04T14:50:55Z,2026-10-03T15:10:32Z,23.74,published,True,recent,evt-2c90f9ecfb3a,1
e44ad8162cff02a12c7b,Santa Cruz: Del potencial productivo al valor agregado y la competitividad,"Santa Cruz concentra una parte decisiva de la producción de alimentos y articula una extensa base empresarial, comercial, logística y agroindustrial que conecta producción, mercado interno, exportaciones y generación de recursos para el Estado. Su principal fortaleza está en la escala y diversificación de su aparato productivo; su principal desafío en transformar estas capacidades en mayor valor agregado, mejorar su inserción comercial y reducir las vulnerabilidades asociadas a las importaciones y a las condiciones de producción, para lo cual existen cuellos de botella que deben resolverse. El departamento es uno de los principales pilares de la economía boliviana y destaca por su dinamismo productivo, diversidad territorial y participación relevante en sectores estratégicos. Durante las últimas décadas, ha experimentado un crecimiento sostenido, acompañado de una acelerada urbanización y de importantes transformaciones económicas y sociales, promovidas de forma primordial por el desarrollo agroindustrial, la inversión privada y los procesos de migración interna. Y esto es reconocido por la población, el empresariado, las instituciones y los gobiernos de turno. “Santa Cruz ya no es la tierra de oportunidades de los bolivianos, es la tierra de oportunidades de Bolivia en el mundo”, destacó el presidente Rodrigo Paz, durante la inauguración de Expocruz 2026. “Ya no solo es un departamento, sino una puerta de ingreso de Bolivia al mundo, por su visión competitiva”, agregó, antes de anunciar “reglas claras” para los inversores, la licitación del hub cruceño y una inversión de Bs 1.300 millones en infraestructura, para proyectos como una “autopista de primer nivel” que conecte la ciudad con el aeropuerto de Viru Viru. Las cifras demuestran este potencial. El Instituto Cruceño de Estadística (ICE) destacó que Santa Cruz genera el 33% del PIB nacional, mientras el Instituto Nacional de Estadísticas (INE) reportó que el crecimiento promedio del PIB real del departamento fue de 2,6% entre 2006 y 2024, y de 4,6% entre 2021 y 2023. Para Juan Pablo Suárez, director del ICE, este dinamismo económico responde al carácter emprendedor del cruceño, a la “institucionalización de la sociedad civil” y al “desarrollo del sector privado”. Los reportes de la Asfi confirman la cualidad emprendedora de la región. Santa Cruz es el segundo departamento con más depósitos en el sistema financiero (26,3%), pero el primero en créditos (41,6%) 16 puntos porcentuales por encima del segundo que es La Paz (25,1%). El departamento concentra así el 46,1% del crédito productivo y el 39,3% del crédito de vivienda de interés social. La región presenta así fortalezas en los sectores agropecuario, forestal, exportador, servicios e industria. También mantiene una importante dinámica en el comercio; transporte y comunicación; actividades financieras, de seguros, inmobiliarias y profesionales; extractivas; y construcción, aunque éstas registraron cifras negativas el año pasado. Gary Rodríguez, gerente general del Instituto Boliviano de Comercio Exterior (IBCE) destacó que Santa Cruz multiplicó su economía cinco veces entre 2000 y 2025, pasando su PIB nominal de $us 2.520 millones a más de 14.000 millones. El agro cruceño produce 24 millones de toneladas métricas, lo que equivale al 73,7% de la producción agrícola de todo el país. Su importancia no está solo en la extensión cultivada, de 2,35 millones de hectáreas, sino en la diversificación, ya que ofrece oleaginosas y derivados industrializados, cereales, frutas, tubérculos, raíces, hortalizas y forrajes. A 2025, produce el 67,2% de las aves parrilleras, el 49,6% de la carne avícola, el 48,85% de los huevos y el 44,5% de las cabezas de ganado bovino. Por tanto, es el principal soporte de la oferta alimentaria y de las cadenas agroindustriales. “Es la locomotora del desarrollo nacional, y seguira siendo fundamental para garantizar no solo la seguridad alimentaria, sino también la soberanía alimentaria”, destacó el ejecutivo del IBCE, quien recalcó que el liderazgo alimentario se mantiene ya por 13 años. Y este esfuerzo llega más allá de las fronteras. En 2025, el departamento concentró el 80% de las exportaciones de alimentos del país. Aportó con el 79% a las ventas externas agropecuarias, con el 62% a las exportaciones no tradicionales y con un 24% a las exportaciones totales de Bolivia. “Estos datos reflejan su importancia en cuanto el peso productivo y exportador”, dijo Rodríguez. Pero el peso productivo va más allá de lo agropecuario. Es el segundo departamento con mayor recaudación tributaria, pero el primero con más contribuyentes (27%) y el primero en recaudación aduanera. Santa Cruz es el segundo departamento con mayor base empresarial (29,24%), con 138.335 empresas a 2025, según reportes del Seprec, que evidencian que la economía cruceña no depende solo del agro, sino que articula múltiples actividades económicas. Del tejido empresarial, el 74,7% es unipersonal, el 23,35% sociedades de responsabilidad limitada, el 1,61% sociedades anónimas, el 0,32% sociedades constituidas en el extranjero, y el 0,2% de otro tipo. Entre estas unidades económicas, el 46,56% opera en comercio y transporte, el 19,16% en servicios empresariales y financieros, el 18,63% en el sector secundario, el 11,53% en servicios básicos y sociales, y el 1,08% en cultura y otros. Un dato relevante que tiene que ver con estas cifras y con las características del mercado cruceño es la tasa de migración (19,4%), lo que convirtió al departamento en el más poblado del país y en un polo de atracción asociado a oportunidades laborales y económicas. En cuanto a la estructura ocupacional, el 44,1% de los trabajadores del departamento son empleados u obreros y el 41,1% trabajadores por cuenta propia, mientras el restante 14,8% está compuesto por empleadores, socios, trabajadores familiares sin remuneración, trabajadoras del hogar, cooperativistas y otros. Esto refleja una economía donde coexisten empleo asalariado y una fuerte presencia de actividades independientes. La salud y la educación acompañan también esta dimensión económica. Santa Cruz concentra el 28,4% de la matrícula educativa nacional y el 18,9% de los establecimientos de salud (815), datos importantes porque muestran que el peso demográfico y económico del departamento también exige una infraestructura social proporcional. Un indicador indirecto de la escala de actividades comerciales, productivas y de transporte de la región es el parque automotor, que en 2025 concentró el 36,4% del total nacional, de acuerdo con el INE. Ya el año pasado se contaba con 973.537 vehículos, cifra que en la última década creció a un promedio del 6,3% y que este año estará con seguridad por encima del millón. Sus capacidades productivas y su tejido empresarial presentan espacios favorables para ampliar y diversificar el aporte del departamento a la economía nacional, aumentar su valor agregado, desarrollar nuevas cadenas productivas, ampliar mercados y atraer inversión. El Centro Boliviano de Estudios Económicos (Cebec) considera que la principal oportunidad económica de Santa Cruz es que “no parte de cero”, ya que cuenta con una base productiva diversificada, una fuerte vocación agroindustrial, servicios empresariales, capacidad exportadora y un ecosistema privado con experiencia. “Hay espacio para crecer rápido en sectores donde las capacidades ya existen, como alimentos, carne, oleaginosas, forestal, turismo y servicios digitales, siempre que se destraben restricciones específicas de mercado, sanidad, logística, financiamiento y regulación. Esa es una ventaja importante: muchas oportunidades no requieren esperar una transformación completa del país, sino decisiones concretas que permitan que inversiones y exportaciones hoy detenidas puedan avanzar”, sostuvo la institución dependiente de la Cámara de Industria, Comercio, Servicios y Turismo de Santa Cruz (Cainco). “Santa Cruz tiene una amplia base productiva, agroindustrial y exportadora consolidada, con mercados externos abiertos y una importante capacidad productiva todavía subutilizada en agricultura, ganadería y el sector forestal maderero”, aseveró Rodríguez. El departamento, explicó, ya está conectado con más de 90 mercados internacionales, lo que abre el espacio para seguir diversificando la producción. Si bien las principales oportunidades para hacer negocios tienen que ver con los sectores agropecuario y forestal/maderero, con su disponibilidad de recursos naturales y con un mercado regional de 3 millones de consumidores, alrededor de ello hay un gran tejido empresarial que tiene que ver con el sector de servicios “Las posibilidades son enormes, en la medida que se den las condiciones para que la base productiva pueda crecer con el Proyecto Rositas, el Hub Aéreo de Viru Viru, convirtiendo la Hidrovía en un Corredor Fluvial de Integración, siendo parte del corredor interoceánico entre el Atlántico y el Pacífico, entre otros”, dijo Rodríguez. Otra gran oportunidad identificada por el Cebec es la de construir las capacidades que sostendrán el crecimiento de la próxima década, lo que implica digitalización, formación de capital humano, mejor conectividad, integración metropolitana y mayor uso de tecnología en las empresas. “Desde Cainco vemos una agenda de doble velocidad: generar resultados de corto plazo en sectores capaces de aportar producción y divisas, y al mismo tiempo invertir en las capacidades que definirán la competitividad hacia 2030. La oportunidad de Santa Cruz está en convertir su actual peso económico en una plataforma para producir más, exportar mejor y generar nuevas fuentes de crecimiento para Bolivia”, concluyó el centro de estudios. El gobernador de Santa Cruz, Juan Pablo Velasco, ve un futuro grandioso para el departamento, un futuro en el que “el sector agroindustrial exporte 10 veces más”; en el que sea un hub tecnológico a escala sudamericana; en el que sea un nodo logístico aéreo, terrestre y ferroviario; en el que la cantidad de habitantes aumente de los actuales 4 millones a 8 millones en los próximos 10 años. “Sueño –dijo a El Deber – con una Santa Cruz pujante, una Santa Cruz trabajadora, una Santa Cruz segura, una Santa Cruz alegre, una Santa Cruz que siga siendo el pilar fundamental de la economía boliviana”. Para alcanzar esas metas, el departamento debe cambiar la mala relación que tiene con el Estado, luchar por su autonomía y apoyar las reformas constitucionales para dar seguridad jurídica y otras necesidades. Sin estas, “tenemos claro que no vamos a poder desarrollar Rositas, que es la salvación de energía que tiene Santa Cruz”, expresó. Pese a su peso productivo y económico, Santa Cruz enfrenta desafíos que pueden limitar su capacidad de crecimiento y competitividad. Aunque fuerte, la economía cruceña no es ajena a los problemas internacionales y a las dificultades domésticas. En 2024, decreció en 3,24% debido a factores como fenómenos climáticos adversos, el bloqueo de carreteras, la caída de la producción de hidrocarburos, y las dificultades de acceso a divisas, según datos del Ministerio de Economía y Finanzas Públicas. “Desde Cainco, vemos que el principal desafío es recuperar previsibilidad para invertir, producir y exportar”, puntualizó el centro de estudios de la Cainco. “Hoy las empresas enfrentan restricciones que se refuerzan entre sí: disponibilidad de divisas, seguridad energética, costos logísticos, incertidumbre regulatoria y menor capacidad de planificar a largo plazo. Para Santa Cruz esto es especialmente sensible porque buena parte de su economía depende de cadenas productivas, agroindustriales, comerciales y de servicios que requieren continuidad operativa. La prioridad, por tanto, es estabilizar la economía sin deteriorar la capacidad productiva, asegurar energía y combustibles, y avanzar hacia reglas más claras y un entorno que permita volver a invertir”, explicó el Cebec. Otro desafío de fondo, indicó, es elevar la productividad y la competitividad.” Santa Cruz ya tiene escala, empresas, conocimiento y capacidad exportadora, pero el siguiente salto no puede depender solamente de producir más volumen; debe venir de tecnología, mejor infraestructura, capital humano, mayor valor agregado y mejor articulación con mercados externos. Desde Cainco creemos que la agenda debe concentrarse en resolver cuellos de botella concretos y medibles, para que las empresas puedan transformar capacidad instalada en más producción, empleo, inversión y divisas”, indicó. Santa Cruz tiene una enorme capacidad productiva y exportadora, pero eso no significa necesariamente que su balanza comercial sea positiva. La estructura productiva también demanda importaciones de bienes, insumos, maquinaria y otros productos, lo que es confirmado por el ICE, entidad muestra que un saldo comercial negativo durante la última década, con excepción de 2022. Así, los datos muestran que Santa Cruz tiene una economía altamente productiva, pero todavía enfrenta una relación de dependencia con bienes importados y con condiciones externas para sostener su actividad productiva. Para el gerente general del IBCE, el principal desafío tiene que ver con un mayor aprovechamiento del potencial productivo del departamento, en especial en el sector agropecuario y forestal/maderero. La mejora de la productividad y la competitividad cruceña y nacional, detalló, tiene que ver con que el Estado garantice seguridad jurídica para invertir (que no haya avasallamientos ni bloqueos); libre exportación para traer más divisas al país; la autorización del pleno acceso a la agrobiotecnología; y, el normal abastecimiento de combustibles para el sector productivo, comercial y prestador de servicios. “A futuro, sobre la base de lo señalado, se debe mejorar la infraestructura, una logística más eficiente, incluyendo el dragado de la Hidrovía Paraguay-Paraná, para garantizar su plena navegabilidad durante todo el año. También se debe avanzar con la nueva minería, la economía de servicios (turismo, educación superior, medicina, espectáculos, gastronomía, transporte y otros), la economía del conocimiento (desarrollo de software, aplicaciones, y otros) y la Industria 4.0 (IA, robótica y más)”, sostuvo Rodriguez. “Si a Santa Cruz le dan las condiciones para mejorar su productividad y su competitividad, con toda seguridad va a asimilar sin problema este sinceramiento de los hidrocarburos”, subrayó. “Como sector productivo, Bolivia necesita volver a producir y crecer. No pedimos privilegios ni ventajas; queremos competir, trabajar, invertir, generar empleo y exportar mucho más. Pero para hacerlo necesitamos condiciones”, dijo a su vez el presidente de la Cámara Agropecuaria del Oriente (CAO), Klaus Frerking, también en la inauguración de la Expocruz. Estos requerimientos tienen que ver con seguridad jurídica para invertir; reglas claras y previsibilidad que permitan planificar a mediano y largo plazo; combustible y energía garantizados para el aparato productivo; normas necesarias para producir; apertura de mercados y la eliminación de las trabas que encarecen, retrasan y desincentivan la producción. “Construyamos juntos un país donde invertir, producir y generar empleo vuelva a valer la pena”, subrayó Frerking. Con las condiciones adecuadas, “con toda seguridad no solo consagraremos la seguridad alimentaria sino que podremos convertir a Santa Cruz y a toda Bolivia en un gran país agroexportador”, concluyó Rodríguez. En el siguiente enlace puedes ver la Edición #68, que presenta el siguiente contenido de valor en negocios y finanzas: https://www.calameo.com/read/006889564a4be1e52aad0",Economy,2026-10-03T10:45:47-04:00,https://www.economy.com.bo/articulo/economia/santa-cruz-potencial-productivo-valor-agregado-competitividad/20261003104547024319.html,27,business,Santa Cruz,national,0.85,2026-10-04T14:50:55.494872+00:00,18,favorable,0.9999,Transformer financiero en español,False,neutral,0.7445,favorable,0.9999,0,"Sector productivo, automotor y actividad empresarial",0.6695,"[""ASFI"", ""INE"", ""MEFP"", ""IBCE""]","[""tipo de cambio"", ""combustibles"", ""producto interno bruto"", ""exportaciones"", ""importaciones"", ""balanza comercial"", ""hidrocarburos"", ""empleo"", ""sistema financiero""]",42,moderado,"{""caída"": 1, ""incertidumbre"": 1, ""bloqueo"": 1}","{""crecimiento"": 5, ""mejora"": 1}",2026-10-03T14:45:47Z,2026-10-04T14:50:55Z,2026-10-03T14:45:47Z,24.16,published,True,recent,evt-5c9f4b7f1be5,1
05d4a3dbe3c76fcc37f7,Economía y Empresa -,"Representantes de Alemania y empresas bolivianas participaron en una rueda de negocios en Santa Cruz para identificar oportunidades de cooperación... El programa tendrá una duración de 36 meses y contempla medidas para mejorar la eficiencia del gasto público El ministro explicó que el mercado registró un efecto de sobredemanda luego de que una autoridad del Estado difundiera información... El encuentro reunió a representantes de empresas, instituciones públicas, cooperación internacional, sociedad civil, profesionales y estudiantes universitarias El encuentro reunió a alcaldes, concejales, productores agropecuarios y transportistas de ambas regiones El acuerdo apunta a complementar las capacidades de ambas plataformas, mejorar la conectividad y contribuir a la consolidación del Corredor... En el caso del tren, el Ministerio de Obras Públicas ya inició los primeros pasos administrativos para viabilizar el proyecto El Ministerio de Minería informó que su participación permitió abordar nuevas propuestas para el desarrollo del sector Se trata de la mayor inversión privada de la historia de Paraguay que ya toma forma en Yguazú, departamento de... Las autoridades expusieron los principales desafíos de sus jurisdicciones y plantearon iniciativas vinculadas con desarrollo humano y económico El sector apunta a una tercera evaluación ante la diferencia entre los resultados de los análisis",La Razón,,https://larazon.bo/economia-y-empresa,5,newspaper,La Paz,national,0.7,2026-10-03T14:22:29.069245+00:00,3,neutral,0.9997,Transformer financiero en español,True,neutral,0.7637,neutral,0.9997,0,"Sector productivo, automotor y actividad empresarial",0.5571,[],"[""déficit fiscal""]",50,moderado,{},{},,2026-10-03T14:22:29Z,2026-10-03T14:22:29Z,24.55,inferred_collected,True,recent,evt-be619909c52f,1
29c40d4026d781fda295,IBCE: “Lo que están haciendo en Chile con las maderas bolivianas es una iniquidad”,"El Instituto Boliviano de Comercio Exterior (IBCE) elevó el tono de sus cuestionamientos por la retención y posterior destrucción de cargamentos de madera boliviana en Chile . Su gerente general, Gary Rodríguez , calificó el caso como una “iniquidad” y reclamó que se preserven las cargas que aún permanecen bajo custodia para permitir peritajes independientes. La controversia se remonta a junio, cuando autoridades chilenas informaron sobre la detección de sustancias ilícitas en cargamentos de madera procedentes de Bolivia. El Gobierno de Chile informó entonces que se habían detectado 1.080 toneladas de madera con sustancias que, según sus análisis, correspondían principalmente a clorhidrato de cocaína y ketamina. La operación involucró a los puertos de Arica, San Antonio y Valparaíso y fue presentada como la mayor incautación de este tipo registrada en el país. Con el avance del caso, el número de cargas involucradas llegó a 59 contenedores , según reportes de medios chilenos y bolivianos. El sector forestal boliviano cuestionó desde el inicio los resultados de los análisis y pidió que las muestras pudieran ser sometidas a peritajes independientes. Rodríguez sostuvo que el problema no solo afecta a las empresas directamente involucradas, sino que tiene consecuencias para toda la cadena forestal y para la imagen de Bolivia como proveedor internacional. “ Es indignante el calvario por el que están atravesando los empresarios bolivianos”, señaló el ejecutivo del IBCE, al cuestionar que las empresas afectadas no hayan podido acceder, según su versión, a muestras de las cargas para realizar análisis con organismos internacionales. Rodríguez también recordó que la Cámara Forestal de Bolivia y otras instituciones del sector solicitaron desde los primeros meses de la controversia la intervención de expertos internacionales. Entre las entidades mencionadas por el sector está el Centro de Cooperación Internacional en Investigación Agronómica para el Desarrollo (CIRAD), organismo público francés especializado en investigación agrícola y desarrollo. El conflicto adquirió una nueva dimensión en septiembre, cuando comenzó la destrucción de parte de las maderas retenidas. De acuerdo con reportes de prensa, un primer contenedor fue incinerado el 3 de septiembre y otros cinco fueron destruidos el 11 de septiembre , totalizando seis cargamentos eliminados. La defensa de 15 de las 21 empresas madereras afectadas había solicitado suspender la destrucción mientras continuaban las diligencias para determinar las características y correspondencia de las cargas. La Fiscalía Regional de Arica y Parinacota emitió posteriormente, el 21 de septiembre, una instrucción para suspender temporalmente los procesos de destrucción de las especies incautadas y ya analizadas, mientras se resolvían solicitudes relacionadas con las cargas. Para el IBCE, la eliminación de parte de la evidencia genera interrogantes sobre la posibilidad de realizar nuevos peritajes . Rodríguez cuestionó por qué no se permitió, según su denuncia, una verificación independiente antes de proceder con la destrucción. “¿Por qué no se transparentó la investigación desde un inicio? ¿Por qué no se cumplió con el debido proceso?”, preguntó el ejecutivo. El planteamiento del sector boliviano contrasta con la versión entregada inicialmente por las autoridades chilenas. El 8 de junio, la Delegación Presidencial de Valparaíso informó que los análisis habían permitido establecer la presencia de sustancias ilícitas y estimó que aproximadamente 108 toneladas correspondían a droga, principalmente cocaína y ketamina. En Bolivia, entretanto, las autoridades también abrieron investigaciones. La Fiscalía General anunció en junio la conformación de una investigación para establecer el origen de las cargas y determinar si existían responsables vinculados con el envío de sustancias controladas. Más allá de la disputa sobre los análisis, el sector privado boliviano advierte que el caso ya tiene consecuencias comerciales. Rodríguez sostuvo que la retención de los contenedores provocó un daño económico que el IBCE estima en alrededor de $us 15 millones y afectó la relación comercial con una veintena de mercados. También señaló que el impacto alcanza a empresas, productores, transportistas y trabajadores vinculados a la cadena forestal. El IBCE considera que el caso también golpea la reputación de los exportadores bolivianos , precisamente en un momento en que el sector busca consolidar mercados externos para productos forestales con mayor valor agregado. Según datos del propio IBCE, las exportaciones bolivianas de maderas y sus manufacturas alcanzaron $us 84 millones en 2023, frente a un máximo de $us 127 millones registrado en 2007. El sector incluye madera aserrada y productos con transformación industrial. Rodríguez planteó que el Gobierno boliviano debe mantener abiertas dos vías de acción: una jurídica, para defender los intereses de las empresas afectadas, y otra diplomática, para abordar el conflicto con las autoridades chilenas. “Lo que están haciendo en Chile con las maderas bolivianas, es una iniquidad”, afirmó el gerente general del IBCE. El caso permanece abierto y enfrenta dos posiciones contrapuestas : la de las autoridades chilenas, que sostienen que sus análisis detectaron sustancias ilícitas en los cargamentos, y la del sector forestal y exportador boliviano, que cuestiona esos resultados y reclama la posibilidad de realizar peritajes independientes antes de que se destruya la evidencia.",El Deber,,https://eldeber.com.bo/economia/ibce-estan-haciendo-chile-maderas-bolivianas-iniquidad_1790871461,6,newspaper,Santa Cruz,national,0.7,2026-10-03T14:22:19.708560+00:00,3,neutral,1.0,Transformer financiero en español,True,neutral,0.9005,neutral,1.0,3,"Precios, alimentos y servicios básicos",0.7275,"[""IBCE""]","[""exportaciones""]",60,alto,"{""conflicto"": 2}",{},,2026-10-03T14:22:19Z,2026-10-03T14:22:19Z,24.55,inferred_collected,True,recent,evt-81b195c7477a,1
1422ab998a6b38f02482,Vagoneta cargó 215 litros en tanque para 96; Gobierno alerta desvíos de gasolina,"Una Toyota Land Cruiser modelo 2002 , cuyo tanque tiene una capacidad aproximada de 96 litros, apareció en los registros oficiales con cargas de hasta 215 litros de combustible . El vehículo, además, realizó abastecimientos reiterados durante una misma jornada en estaciones de servicio de Potosí. El caso fue presentado este jueves por el viceministro de Transparencia , Seguridad Jurídica e Integridad Pública, Yamil García , como una muestra de las irregularidades detectadas durante la intervención a la Agencia Nacional de Hidrocarburos (ANH) . La placa fue bloqueada en el sistema B-SISA y los antecedentes se remitieron al Ministerio Público. La investigación deberá establecer el destino del combustible y determinar si existió participación de los responsables de las estaciones de servicio donde se realizaron las cargas. El ministro de Hidrocarburos y Energías, Marcelo Blanco , advirtió que el problema detectado anteriormente con el diésel comienza a trasladarse hacia la gasolina, después del levantamiento de la subvención al primer carburante. Según la autoridad, los controles identificaron vehículos convertidos a gas natural vehicular (GNV) que registraron consumos de hasta 337 litros de gasolina al mes , pese a que el promedio mensual estimado para un motorizado es de aproximadamente 110 litros. Estos patrones de consumo, explicó, activan alertas sobre posibles cargas destinadas al almacenamiento, la reventa o el desvío ilegal del combustible. El caso de la vagoneta y la nueva alerta sobre la gasolina forman parte de los resultados del primer mes de intervención a la ANH , proceso en el que participan cinco ministerios. Blanco informó que el uso de la información registrada en el B-SISA permitió bloquear alrededor de 6.700 placas relacionadas con operaciones irregulares. El Gobierno sostiene que esta medida evitó el posible desvío de más de 14 millones de litros de gasolina y diésel . Los operativos desarrollados durante este periodo también dejaron 31 personas aprehendidas, 24 vehículos decomisados y ocho motorizados con tanques adicionales neutralizados . Además, las autoridades reportaron la incautación de más de 10 millones de litros de gasolina y alrededor de siete millones de litros de diésel . Los 17 millones de litros recuperados fueron entregados a YPFB para su comercialización legal. Las autoridades presentaron por separado los 14 millones de litros protegidos mediante el bloqueo de placas y los 17 millones incautados en los operativos. Blanco afirmó que las herramientas digitales para identificar consumos irregulares ya estaban disponibles, pero no eran utilizadas plenamente para realizar el seguimiento de las cargas. La intervención instruyó reforzar el monitoreo, bloquear inmediatamente las placas observadas y remitir los indicios a las instancias investigativas. El control también alcanzará a las estaciones de servicio. García explicó que se investigará a los surtidores que hubieran permitido abastecimientos reiterados o superiores a la capacidad de los vehículos. Según el viceministro, una primera infracción puede derivar en una suspensión de diez días, mientras que la reincidencia puede ocasionar la clausura definitiva de la estación. Paralelamente, el Ministerio Público deberá establecer posibles responsabilidades por almacenamiento, adquisición o comercialización ilegal de combustibles.",El Deber,,https://eldeber.com.bo/economia/vagoneta-cargo-215-litros-tanque-96-gobierno-alerta-desvios-gasolina_1790973600,7,newspaper,Santa Cruz,national,0.7,2026-10-03T14:22:19.071492+00:00,6,neutral,1.0,Transformer financiero en español,True,neutral,0.881,neutral,1.0,5,"Comercio exterior, desarrollo y empresas",0.9301,"[""YPFB""]","[""combustibles"", ""hidrocarburos""]",56,moderado,"{""bloqueo"": 1}",{},,2026-10-03T14:22:19Z,2026-10-03T14:22:19Z,24.55,inferred_collected,True,recent,evt-a4f54420cffd,1
c23fe775c6e3bf1c7213,Daño a exportadores de madera activa reclamos contra Chile y al Gobierno,"Tras la última quema de madera retenida en Chile, los exportadores bolivianos alertan sobre el daño a sus ventas, mercados y empleos. Fernando Calderón, director de la Cámara de Exportadores de La Paz, afirmó que hasta un 90% de las exportaciones se frenó desde marzo. Gisela Morales, gerente de la Cámara Nacional de Exportadores de Bolivia, reportó pérdidas superiores a $us 30 millones entre enero y julio y una reducción de mercados de 32 a 10. Son estimaciones que incluyen perjuicios comerciales y no equivalen solo al valor de las cargas destruidas. Los empresarios piden que la madera no sea destruida antes de realizar nuevas pericias que permitan esclarecer si fue impregnada con droga. Aunque la Fiscalía chilena asegura que sus análisis detectaron sustancias ilícitas, los exportadores sostienen que ese hallazgo no demuestra una impregnación deliberada de los cargamentos. El gerente general del Instituto Boliviano de Comercio Exterior, Gary Rodríguez, pidió una intervención jurídica internacional y diplomática. Denunció que las empresas no pudieron obtener muestras para peritajes independientes y aseguró que continuó la incineración pese a una disposición fiscal de suspensión. “Lo que están haciendo en Chile con las maderas bolivianas es una iniquidad”, afirmó. La entidad estima un daño de $us 15 millones y afectación de 20 mercados. Rodríguez invocó el Tratado de 1904 y el Acuerdo de Facilitación del Comercio de la Organización Mundial del Comercio, al reclamar garantías para las exportaciones en tránsito. Ante las denuncias de quemas del 30 de septiembre, la Cancillería respondió con un comunicado. Informó que la Fiscalía Regional de Arica y Parinacota había dispuesto detener temporalmente la destrucción de la madera incautada y ya analizada, mientras resuelve solicitudes pendientes sobre algunas cargas. El ministerio pidió conservar las muestras para nuevas verificaciones y aseguró que realiza gestiones diplomáticas. Pero no explicó qué ocurrió después de esa suspensión, si comprobó que se cumple ni qué respuesta recibió de Chile. Tampoco detalló medidas de protección consular ni confirmó las nuevas quemas denunciadas por los empresarios. El diplomático Windsor Hernani cuestionó esa respuesta. “La Cancillería debería reaccionar de manera firme, apegada al derecho, de manera oportuna”, sostuvo. Planteó protección consular para los afectados y una gestión de Estado a Estado que obtenga información oficial sobre las cargas y la suspensión. Hernani advirtió que la falta de acción puede deteriorar las relaciones bilaterales. También consideró posibles vías internacionales por eventuales vulneraciones de derechos y daños documentados. No anunció una demanda presentada ni una responsabilidad estatal ya establecida. Jorge Tuto Quiroga, jefe nacional de Libre, respaldó a la delegación parlamentaria que investiga el caso en Arica. Citó los informes de James Craig Kuykendall y Scott Richard Oulton, para cuestionar la posibilidad de impregnar la madera, discrepancias entre análisis y la acreditación del laboratorio. Son cuestionamientos que no constituyen conclusiones judiciales. Quiroga pidió sustentar la acusación y procesar a los responsables si existe evidencia de narcotráfico. “Si algún boliviano mandó un gramo de cocaína, soy el primero en pedir que se lo procese”, afirmó. Si se corroboran los informes que cuestionan las pruebas y no hay sustento, exigió rectificación, devolución de la madera, disculpas y resarcimiento económico. También demandó garantías al Estado chileno. Su reclamo de reparación es condicional. Los exportadores piden conservar el material para contrastar las pruebas y conocer cómo el Gobierno protegerá sus derechos.",El Deber,,https://eldeber.com.bo/economia/dano-exportadores-madera-activa-reclamos-chile-gobierno_1790938728,6,newspaper,Santa Cruz,national,0.7,2026-10-03T14:22:19.384281+00:00,4,desfavorable,0.9999,Transformer financiero en español,False,neutral,0.8879,desfavorable,0.9999,3,"Precios, alimentos y servicios básicos",0.8359,"[""IBCE""]","[""exportaciones"", ""empleo""]",54,moderado,"{""falta"": 1}",{},,2026-10-03T14:22:19Z,2026-10-03T14:22:19Z,24.55,inferred_collected,True,recent,evt-e1d80615af9f,1
80a314982db80e53e003,ASFI DESPLIEGA RIGUROSO CONTROL EN CASAS DE CAMBIO PARA EL CUMPLIMIENTO DEL TIPO DE CAMBIO OFICIAL | ASFI,"La Autoridad de Supervisión del Sistema Financiero (ASFI) desplegó un riguroso plan control en casas de cambio de todo el país, enfocado en la compra y venta de dólares, con el objetivo de erradicar la especulación y proteger los derechos de la ciudadanía en las transacciones cambiarias de esta divisa. Durante estas intervenciones de control en las calles, los supervisores de ASFI verifican que, de forma obligatoria, todas las casas de cambio autorizadas mantengan visibles en sus pizarras informativas los valores de compra y venta de dólares. En este sentido, se detectó que algunos establecimientos mantenían sus pizarras exteriores en blanco; ante este escenario, el personal de control instruyó el colocado inmediato de los precios en todos los lugares visibles al público. Asimismo, ASFI controla que estos establecimientos operen estrictamente bajo el margen establecido de 10 centavos de boliviano de diferencia entre el precio de compra y el de venta, respecto al tipo de cambio oficial publicado por el Banco Central de Bolivia (BCB). Cumplimiento y sanciones a clandestinos Como parte de los operativos también se identificaron establecimientos que realizaban actividades cambiarias sin contar con la licencia de funcionamiento exigida por la normativa. Al constituirse en actividades financieras clandestinas, se procedió a su clausura inmediata y se advirtió que, en caso de reincidencia, se iniciarán las acciones legales correspondientes contra sus propietarios. ASFI destacó que la mayoría de las casas de cambio autorizadas cumple con la normativa vigente; sin embargo, reafirmó que los controles continuarán de manera permanente y fueron reforzados tras la implementación del régimen cambiario flexible, con el propósito de proteger a la población y fortalecer la transparencia en el mercado cambiario.",ASFI,,https://www.asfi.gob.bo/node/1402,8,official,La Paz,national,0.95,2026-10-03T14:21:44.556803+00:00,5,neutral,1.0,Transformer financiero en español,True,neutral,0.96,neutral,1.0,1,"Tipo de cambio, divisas y abastecimiento de combustibles",0.5381,"[""BCB"", ""ASFI""]","[""tipo de cambio"", ""sistema financiero""]",50,moderado,{},{},,2026-10-03T14:21:44Z,2026-10-03T14:21:44Z,24.56,inferred_collected,True,recent,evt-00a3c05cbf8e,1
7f88f469e8e6c6c7e579,ASFI Y BID FORTALECEN LA PROTECCIÓN DEL CONSUMIDOR CON EXPERIENCIA Y CONOCIMIENTO INTERNACIONAL | ASFI,"Con el propósito de elevar los estándares de transparencia y trato justo en el sistema financiero boliviano, la Autoridad de Supervisión del Sistema Financiero (ASFI), con el apoyo del Banco Interamericano de Desarrollo (BID), promovió un espacio de diálogo e intercambio de experiencias internacionales que reunió a representantes del sector financiero, gremios y la academia para analizar los nuevos desafíos de la conducta de mercado y la protección de los consumidores de servicios financieros. Durante el conversatorio “De la protección al consumidor financiero al desarrollo de la conducta de mercado”, representantes del sector financiero, gremios y la academia analizaron los nuevos desafíos que afronta el sector y las experiencias internacionales que contribuirán al fortalecimiento de la Defensoría de Protección del Consumidor Financiero. El director general ejecutivo de ASFI, Mario Requena, destacó la importancia de la cooperación y el intercambio de conocimiento para fortalecer los mecanismos de protección al consumidor financiero y acompañar la evolución del sistema financiero. “No es fácil cambiar la conducta del regulador y de los regulados, no se puede hacer inmediatamente, pero el gran desafío es que esto no quede como una idea bonita que después se archiva. Estamos encaminados y queremos caminar lo más rápido posible”, aseguró. Por su lado, Leopoldo Avellán, representante del BID en Bolivia, destacó que la evolución de la protección del consumidor financiero hacia enfoques más preventivos y basados en evidencia constituye un paso clave para abordar los desafíos de un sistema financiero cada vez más complejo y dinámico. Experiencia internacional para fortalecer la conducta de mercado Desde Washington, la especialista senior de Mercados Financieros del BID, Ana María Zárate, compartió la perspectiva y experiencia internacional del organismo en materia de conducta de mercado y protección al consumidor financiero, aportando una mirada regional sobre los avances, desafíos y nuevas tendencias que transforman la manera en que los supervisores y las entidades financieras abordan la relación con los usuarios. A su turno, Daniel García Schilling, consultor del BID, y Mariela Rita Saldívar, representante de la Superintendencia de Banca, Seguros y Administradoras Privadas de Fondos de Pensiones del Perú, expusieron las experiencias y buenas prácticas orientadas a fortalecer la conducta de mercado y elevar los estándares de protección al consumidor financiero. En este marco, se enfatizó la importancia de que la protección al consumidor sea considerada desde el diseño y comercialización de los productos hasta la información que recibe el usuario, las condiciones en las que toma sus decisiones y los mecanismos disponibles para la atención y resolución de sus requerimientos. Del intercambio internacional a la experiencia nacional El intercambio de experiencias abrió paso a un diálogo amplio y constructivo sobre los desafíos que enfrenta Bolivia respecto a la conducta de mercado. Un panel conversatorio, moderado por Liliana Serrate, reunió distintas perspectivas de la supervisión, el sector financiero y la academia. El panel fue conformado por la directora de la Defensoría de Protección del Consumidor Financiero de ASFI, Carolina Martínez; el secretario ejecutivo de la Asociación de Bancos Privados de Bolivia (ASOBAN), Nelson Villalobos; la presidenta de Directorio de Banco Fie, Ximena Boheteguy, y el director de la Escuela de la Producción y la Competitividad de la Universidad Católica Boliviana, Boris Branisa. El diálogo puso en evidencia los desafíos que enfrenta el sistema financiero boliviano para avanzar hacia una gestión más responsable de los productos y servicios financieros, tomando como referencia experiencias y buenas prácticas internacionales en ámbitos como el diseño seguro de productos financieros, el gobierno corporativo y el uso ético de la inteligencia artificial. A partir de este intercambio, se reflexionó sobre la necesidad de fortalecer una supervisión con enfoque preventivo para identificar y anticipar posibles riesgos tanto para las entidades financieras como para los consumidores, además de promover prácticas más transparentes, equilibradas y responsables que contribuyan a que los productos y servicios respondan efectivamente a las necesidades de los usuarios. Con este tipo de iniciativas, ASFI, con el respaldo técnico del BID, fortalece el intercambio de conocimiento y experiencias internacionales para continuar modernizando la protección del consumidor financiero y contribuir a un sistema financiero cada vez más transparente, responsable y orientado a las necesidades de la población.",ASFI,,https://www.asfi.gob.bo/node/1460,5,official,La Paz,national,0.95,2026-10-03T14:21:43.749157+00:00,4,neutral,1.0,Transformer financiero en español,True,neutral,0.9741,neutral,1.0,0,"Sector productivo, automotor y actividad empresarial",0.527,"[""ASFI"", ""BID""]","[""sistema financiero""]",46,moderado,{},"{""fortalecimiento"": 1}",,2026-10-03T14:21:43Z,2026-10-03T14:21:43Z,24.56,inferred_collected,True,recent,evt-6335bfa5fa30,1
96f65584ebc840a1472e,Derechos del Consumidor Financiero | ASFI,"El artículo 74 de la Ley N° 393 de Servicios Financieros establece que los consumidores financieros gozan de los siguientes derechos: Además, el Artículo 1, Sección 2 del Reglamento de Protección del Consumidor de Servicios Financieros, contenido en el Capítulo I, Título I, Libro 4° de la Recopilación de Normas para Servicios Financieros, establece que los consumidores financieros tienen derecho a: El Banco Público, el Banco de Desarrollo Productivo, los Bancos Múltiples y los Bancos Pyme, además de las obligaciones anteriores, deben mantener disponible una línea telefónica gratuita a nivel nacional, mínimamente durante el horario de atención al público, que permita a los consumidores financieros realizar consultas y resolver dudas sobre los productos y servicios que les son brindados. El número, la gratuidad, así como el tipo de consultas y dudas que atiende la mencionada línea telefónica, además del horario de disponibilidad de la misma, deben ser difundidos por los citados Bancos, en lugares visibles de sus sitios web, a través de sus aplicaciones de banca móvil, redes sociales y otros medios de comunicación que consideren pertinentes.",ASFI,,https://www.asfi.gob.bo/la/derechos-del-consumidor-financiero,4,official,La Paz,national,0.95,2026-10-03T14:21:41.442093+00:00,4,neutral,1.0,Transformer financiero en español,True,neutral,0.9444,neutral,1.0,3,"Precios, alimentos y servicios básicos",0.5249,"[""ASFI""]","[""sistema financiero""]",50,moderado,{},{},,2026-10-03T14:21:41Z,2026-10-03T14:21:41Z,24.56,inferred_collected,True,recent,evt-2587a323084f,1
aee10eeeb05cd56ac904,Bolivia debuta con 34 empresas en primer ‘Pabellón de Americas Food & Beverage’,"Bolivia participó con 34 empresas en la feria internacional de alimentos y bebidas Americas Food & Beverage, que se llevó del 14 al 16 de septiembre en Miami, Estados Unidos. La red Doing Business International ( DBI ) organizó dicho evento, que representa la 16.ª Misión Empresarial de Bolivia a Miami, el primer Pabellón Bolivia. Según la misión boliviana, las 34 empresas bolivianas de distintos departamentos exhibieron una amplia variedad de alimentos y bebidas ante compradores de mercados internacionales. DBI impulsa desde hace 16 años misiones empresariales bolivianas a esta feria y, en esta edición, concretó por primera vez un espacio exclusivo para la oferta nacional. También consulte: Rueda de negocios ‘Conecta Productiva’ mueve Bs 1,16 MM en Cochabamba “Después de 16 años de llevar misiones empresariales, con un equipo de aliados estratégicos, logramos concretar el Pabellón Bolivia en la feria más importante de Estados Unidos y Latinoamérica para alimentos y bebidas”, afirmó Claribel Aparicio Ferreira, directora general y de Asuntos Internacionales de DBI . La ejecutiva destacó que las empresas participantes mostraron su producción y establecieron contactos comerciales con compradores internacionales. “Son 34 empresas que hoy muestran a 52 países que Bolivia produce con valor agregado, calidad de exportación. Y que son productos de interés para mercados internacionales, estamos abriendo oportunidades, nuevos mercados y concretando clientes internacionales”, señaló Aparicio. El Pabellón Bolivia presentó una oferta diversificada, con productos como quinua, chía, almendras, galletas, barras y cereales de quinua, fréjol, avena, chocolate en polvo. También café, cacao, chocolates con stevia, soya, maíz, snacks, harina de plátano, harina de huevo, sopas y frutas deshidratadas . La muestra también incluyó mantequilla de maní, salsas, jugos de aloe vera, mermeladas con quinua, miel, vinos, singani y licores , entre otros productos con potencial de inserción en mercados externos. Entre las empresas participantes estuvieron SIMSA, Princesa, Nutrifrut, Chocolike, Madisa, Biscotti, Terramia, Chuspillo al Horno, Andean Crunchy Corn, Nufobol, B&R Foods, Quik, QMágica, Qkies, La Francesa, Aliss Saba. Tortitacos, Manjar de Oro, Chocolates Cóndor, Dr. Picks, Torremolinos, Go Green, Castafe, Aranjuez, Los Parrales, Samex, Quikuba, Risoffiato, Camaro Alimentos y Hada Burgoa HLAW, entre otras. La delegación también incorporó un componente cultural con la presentación de trajes típicos del Carnaval de Oruro. Todo con el objetivo de acompañar la promoción comercial con la difusión de la riqueza cultural y turística de Bolivia. La misión empresarial incluyó visitas al Pabellón Bolivia y una rueda de negocios con supermercados y distribuidores , espacios en los que las empresas participantes pudieron presentar directamente sus productos y establecer contactos con potenciales clientes. Los participantes calificaron la misión como positiva y destacaron la apertura de oportunidades comerciales, la organización y el contacto directo con compradores internacionales. DBI señaló que su acompañamiento incluye asesoría comercial, legal, contable y financiera, procesos de due diligence y gestión de negocios internacionales. A demás del respaldo a las empresas que participan en sus misiones durante el año. Con la instalación del primer Pabellón Bolivia en Americas Food & Beverage, la organización destaca que el objetivo es consolidar una plataforma de promoción para productos nacionales con valor agregado. Así comofacilitar el vínculo entre empresas bolivianas y compradores de distintos mercados internacionales.",La Razón,2026-10-03T13:58:18+00:00,https://larazon.bo/economia-y-empresa/2026/10/03/bolivia-debuta-con-34-empresas-en-primer-pabellon-de-americas-food-beverage,4,newspaper,La Paz,national,0.7,2026-10-03T14:22:30.907140+00:00,2,neutral,1.0,Transformer financiero en español,True,neutral,0.6316,neutral,1.0,0,"Sector productivo, automotor y actividad empresarial",0.8837,[],"[""exportaciones""]",50,moderado,{},{},2026-10-03T13:58:18Z,2026-10-03T14:22:30Z,2026-10-03T13:58:18Z,24.95,published,True,recent,evt-20784107fb5e,1
672c300f2ebea80ed75f,Los bancos evolucionan con nuevas soluciones y servicios financieros,"En Expocruz 2026, las entidades bancarias apostaron por propuestas que combinan innovación, tecnología y experiencias interactivas para acercar sus servicios al público. A través de conceptos creativos y soluciones digitales, mostraron nuevas formas de conectar con sus clientes y responder a las necesidades de un mercado financiero en transformación. BancoSol participó en Expocruz 2026 con una propuesta enfocada en acompañar el progreso y desarrollo de las emprendedoras y emprendedores cruceños bajo el concepto “Cambia tu perspectiva”. “Acompañamos el crecimiento de Santa Cruz y los invitamos a visitar nuestro stand, donde vivirán una experiencia muy especial. “Cambia tu perspectiva” invita a adaptarnos a una nueva manera de ver las cosas, enfrentar las situaciones y utilizar nuevas herramientas”, expresó Rodolfo Baldivieso, gerente nacional de Negocios. ""Cambia tu perspectiva"" invita a adaptarnos a una nueva manera de ver las cosas, enfrentar las situaciones y utilizar nuevas herramientas. Rodolfo Baldivieso En esta versión, la entidad bancaria presentó un stand tecnológico e innovador, diseñado para conectar historias y ofrecer una experiencia diferente a los visitantes. Durante la feria, los visitantes disfrutaron de juegos, sorpresas y actividades interactivas diseñadas para invitarlos a mirar las cosas desde otro punto de vista. La propuesta también incorpora un enfoque inclusivo para que más personas puedan disfrutar del recorrido. Durante los 10 días de feria, Banco FIE presentó su stand con el concepto “Pasaporte al Crecimiento”, un espacio diseñado para que el público pueda vivir una experiencia a través Tinka, beneficio exclusivo del banco para las personas emprendedoras en Bolivia. En Banco FIE los visitantes pudieron conocer y descubrir cómo la tecnología puede convertirse en una herramienta para impulsar el desarrollo de sus negocios Los visitantes pudieron interactuar con la innovación y tecnología conociendo las nuevas soluciones Cripto FIE y FIE Global, para conectar sus negocios más allá de las fronteras. En esta edición 2026, el Banco Mercantil Santa Cruz presentó el concepto “Raíces sólidas, Energía nueva”, una propuesta que resume su esencia de solidez y proyección de innovación y tecnología. El el stand del BMSC destacó dos grandes pilares: el ahorro con La Makro Cuenta y la tecnología con KOIN, su e-wallet para activos digitales que combina la tecnología blockchain con la red global de Visa. El diseño del espacio se articuló en tres pilares fundamentales: Legado e identidad, que honra los más de 120 años de historia del banco; Innovación y tecnología, con KOIN como protagonista; Cercanía y conexión, que refuerza el vínculo con sus clientes a través de productos y servicios que facilitan su día a día. La propuesta del Banco Ganadero combinó innovación financiera, soluciones digitales y experiencias para los visitantes. La entidad presentó un espacio completamente renovado, donde “La Plaza de las Historias” fue el punto de encuentro para las diferentes generaciones, en una experiencia que integra tecnología, servicios, cultura y entretenimiento. Se hizo la presentación de la versión renovada de GanaMóvil, además de mostrar las ventajas de GanaCripto USDC y YOLO Pago. En el siguiente enlace puedes ver la Edición #68, que presenta el siguiente contenido de valor en negocios y finanzas: https://www.calameo.com/read/006889564a4be1e52aad0",Economy,2026-10-03T09:54:32-04:00,https://www.economy.com.bo/articulo/banca-finanzas/bancos-expusieron-novedades-feria-crucena/20261003095432024313.html,4,business,Santa Cruz,national,0.85,2026-10-04T14:50:55.867197+00:00,3,neutral,1.0,Transformer financiero en español,True,neutral,0.8115,neutral,1.0,0,"Sector productivo, automotor y actividad empresarial",0.997,[],"[""sistema financiero""]",42,moderado,{},"{""crecimiento"": 2}",2026-10-03T13:54:32Z,2026-10-04T14:50:55Z,2026-10-03T13:54:32Z,25.01,published,True,recent,evt-c20609c937e8,1
982d682ec330416e18c7,FMI aprueba financiamiento por $us 1.900 millones para Bolivia con desembolso inmediato de $us 214 millones,"El Directorio Ejecutivo del Fondo Monetario Internacional (FMI) aprobó este viernes un acuerdo de financiamiento por aproximadamente $us 1.900 millones con Bolivia, mediante el Servicio Ampliado del Fondo (SAF), que habilita un desembolso inmediato de $us 214 millones para el país. El acuerdo tendrá una duración de 36 meses y respaldará el programa económico del país, además de contribuir al fortalecimiento de las reservas internacionales, la estabilidad macroeconómica y la protección social. El FMI prevé que el programa permitirá movilizar aproximadamente $us 4.000 millones adicionales de otros organismos financieros internacionales. La aprobación constituye un nuevo paso en la implementación del programa económico del Gobierno nacional, orientado a restablecer la estabilidad macroeconómica, recomponer las reservas internacionales, fortalecer la sostenibilidad fiscal, proteger a los hogares vulnerables y generar condiciones para la inversión privada y el crecimiento económico. El FMI reconoció las medidas adoptadas por las autoridades bolivianas durante el último año para corregir los desequilibrios macroeconómicos acumulados. Nigel Clarke, subdirector gerente del organismo y presidente en ejercicio del Directorio, señaló que el acuerdo contribuirá a la implementación del programa de reformas económicas del país. Además, el organismo internacional prevé que el programa permitirá movilizar aproximadamente $us 4.000 millones adicionales de otras instituciones financieras internacionales, ampliando las posibilidades de financiamiento para Bolivia durante el periodo de ejecución del acuerdo. El programa contempla medidas para mejorar la eficiencia del gasto público, fortalecer la protección social, modernizar los marcos monetario y cambiario, promover la transparencia y mejorar el clima de negocios, con el propósito de impulsar la inversión privada y la generación de empleo. La decisión del Directorio se produce después de que la Asamblea Legislativa Plurinacional aprobara el acuerdo de financiamiento el pasado 18 de septiembre, con el respaldo de más de dos tercios de ambas cámaras. Los desembolsos posteriores al monto inicial de $us 214 millones se realizarán gradualmente. El Ministerio de Economía y Finanzas Públicas continuará con la implementación del programa económico, en coordinación con las instituciones competentes, de acuerdo con los compromisos establecidos en el acuerdo, que contempla medidas de estabilidad macroeconómica, ordenamiento de las finanzas públicas, protección social y promoción de la actividad productiva.",Economy,2026-10-02T18:54:48-04:00,https://www.economy.com.bo/articulo/economia/fmi-aprueba-financiamiento-us-1900-millones-bolivia-desembolso-inmediato-us-214-millones/20261002185448024301.html,9,business,Santa Cruz,national,0.85,2026-10-04T14:50:56.393692+00:00,6,neutral,0.9471,Transformer financiero en español,True,neutral,0.6838,neutral,0.9471,3,"Precios, alimentos y servicios básicos",0.9969,"[""MEFP"", ""FMI""]","[""reservas internacionales"", ""déficit fiscal"", ""producto interno bruto"", ""empleo""]",30,bajo,{},"{""crecimiento"": 1, ""estabilidad"": 3, ""fortalecimiento"": 1}",2026-10-02T22:54:48Z,2026-10-04T14:50:56Z,2026-10-02T22:54:48Z,40.01,published,True,recent,evt-e4789f6b08f7,3
e6320413dba87cf267b8,Directorio del FMI aprueba crédito de $us 1.900 millones para Bolivia,"El Directorio Ejecutivo del Fondo Monetario Internacional (FMI), reunido este viernes en Washington D. C., aprobó un acuerdo de financiamiento para Bolivia por aproximadamente $us 1.900 millones, en el marco del Servicio Ampliado del Fondo (SAF), que habilita un desembolso inmediato de 214 millones de dólares para el país. La aprobación constituye un nuevo paso en la ejecución del programa económico del Gobierno boliviano, orientado a restablecer la estabilidad macroeconómica, recomponer las reservas internacionales, fortalecer la sostenibilidad fiscal, proteger a los hogares vulnerables y generar condiciones para la inversión privada y el crecimiento económico. El FMI reconoció expresamente las medidas adoptadas por las autoridades bolivianas durante el último año para corregir los desequilibrios macroeconómicos acumulados. Nigel Clarke, subdirector gerente del organismo y presidente en ejercicio del Directorio, destacó los avances del país y señaló que el acuerdo contribuirá a la implementación de su programa de reformas económicas. Asimismo, el organismo internacional prevé que el programa permitirá movilizar aproximadamente 4.000 millones de dólares adicionales de otras instituciones financieras internacionales, ampliando las posibilidades de financiamiento para Bolivia durante el período de ejecución del acuerdo. El programa, cuya duración es de 36 meses, contempla medidas para mejorar la eficiencia del gasto público, fortalecer la protección social, modernizar los marcos monetario y cambiario, promover la transparencia y mejorar el clima de negocios, con el propósito de impulsar la inversión privada y la generación de empleo. La decisión del Directorio se produce después de que la Asamblea Legislativa Plurinacional aprobara el acuerdo de financiamiento el pasado 18 de septiembre, con el respaldo de más de dos tercios de votos en ambas cámaras. Los desembolsos posteriores al monto inicial de 214 millones de dólares se realizarán gradualmente. El Ministerio de Economía y Finanzas Públicas continuará con la implementación del programa económico, en coordinación con las instituciones competentes, en el marco de los compromisos establecidos en el acuerdo, que integra medidas de estabilidad macroeconómica, ordenamiento de las finanzas públicas, protección social y promoción de la actividad productiva.",Los Tiempos,2026-10-02T18:42:13-04:00,https://www.lostiempos.com/actualidad/economia/20261002/directorio-del-fmi-aprueba-credito-us-1900-millones-bolivia,7,newspaper,Cochabamba,national,0.7,2026-10-03T14:22:33.916347+00:00,5,favorable,0.9999,Transformer financiero en español,False,neutral,0.7294,favorable,0.9999,3,"Precios, alimentos y servicios básicos",0.9965,"[""MEFP"", ""FMI""]","[""tipo de cambio"", ""reservas internacionales"", ""déficit fiscal"", ""producto interno bruto"", ""empleo"", ""sistema financiero""]",38,bajo,{},"{""crecimiento"": 1, ""estabilidad"": 2}",2026-10-02T22:42:13Z,2026-10-03T14:22:33Z,2026-10-02T22:42:13Z,40.22,published,True,recent,evt-e4789f6b08f7,3
d8807d5836b8004ea9a9,Emprendimientos creativos buscan expandirse a nuevos espacios,"Nuevos negocios. Perfumería, gastronomía, alimentos y moda circular reflejan cómo pequeños emprendimientos convierten identidad, creatividad y nuevas formas de producción en propuestas con potencial de crecimiento. Flor de Tajibo participó por primera vez en Expocruz 2026 con una propuesta que busca trasladar elementos de la identidad cruceña a la perfumería. El sueño de estar en Expocruz ya lo cumplimos, ahora nos proyectamos a exportar la identidad cruceña, llevarla a otros lugares, lo cumpliremos"" D avid Fernández La marca, creada por David Fernández Cartagena y Nicolás Sanguino Cascales, cuenta con cinco fragancias inspiradas en la flor del tajibo, entre ellas White, Black, Rose y Yellow. Los emprendedores señalan que el proyecto ya genera trabajo indirecto para entre 30 y 50 personas y buscan proveedores nacionales para fabricar los frascos. Teresa Antonia Siray participó en Expocruz 2026 con una propuesta basada en la reutilización de prendas y materiales para crear nuevos productos. Rossana Valdivia, representante del emprendimiento, explicó que trabajan con costureras y artistas para transformar abrigos y otros materiales en cojines, carteras, abrigos y accesorios. El proyecto busca consolidar alianzas que permitan ampliar su modelo de economía circular. BellCo participó por segundo año en Expocruz 2026 con una propuesta gastronómica basada en productos agridulces. Zulema Bellido, fundadora de la marca, explicó que el emprendimiento nació en Cochabamba para incorporar nuevos sabores a la gastronomía boliviana. Su portafolio incluye locoto agridulce, mermelada de locoto, pepinillos y verduras agridulces. La marca tiene pedidos desde España, Estados Unidos y Alemania. Locomanía participó por segundo año consecutivo en Expocruz 2026 con maní confitado en sabores como maracuyá, frutilla, chocolate, leche condensada, cereza y dulce de leche. Podemos transformar el maní con esencia, con sabores y con frutas, decidimos darle un giro Roger José Reyes Roger José Reyes Bolívar, fundador del emprendimiento, explicó que la propuesta nació a partir de su experiencia gastronómica. La marca ya recibió pedidos desde España y Perú, incluido uno cercano a 1.000 bolsas, y busca avanzar hacia una expansión internacional. En el siguiente enlace puedes ver la Edición #68, que presenta el siguiente contenido de valor en negocios y finanzas: https://www.calameo.com/read/006889564a4be1e52aad0",Economy,2026-10-02T17:59:48-04:00,https://www.economy.com.bo/articulo/business/emprendimientos-creativos-buscan-espacio-mercado/20261002175948024298.html,5,business,Santa Cruz,national,0.85,2026-10-03T14:22:23.041450+00:00,4,neutral,0.9998,Transformer financiero en español,True,neutral,0.65,neutral,0.9998,0,"Sector productivo, automotor y actividad empresarial",0.9952,[],"[""sistema financiero""]",41,moderado,{},"{""crecimiento"": 1, ""expansión"": 1}",2026-10-02T21:59:48Z,2026-10-03T14:22:23Z,2026-10-02T21:59:48Z,40.92,published,True,recent,evt-552ca42ccb34,1
536ee82b2a7df3aebe6f,Alemania busca alianzas con empresas bolivianas para acelerar la transición energética,"La cooperación alemana busca profundizar el trabajo con el sector privado boliviano a partir de una rueda de negocios realizada en Santa Cruz, que reunió a representantes de la Embajada de Alemania, la Cooperación Alemana (GIZ), el banco de desarrollo KfW y empresas de distintos sectores, entre ellos energía, producción de alimentos y finanzas. El encuentro permitió conocer las necesidades y desafíos de las empresas bolivianas vinculadas con Alemania y abrió una agenda de trabajo orientada a identificar oportunidades de colaboración. Entre los temas abordados, la transición energética ocupó un lugar central, junto con la posibilidad de generar nuevas alianzas entre compañías de ambos países. Claus-Bernhardt Johst, de la GIZ, explicó que la iniciativa surgió de la intención de ampliar el diálogo con el sector privado y pasar de las conversaciones a espacios de colaboración concreta. “Por eso nació la idea de organizar esta rueda de negocios, o más bien escuchar bien qué quieren las empresas privadas en Bolivia que tienen una relación con Alemania”, señaló. Uno de los principales temas planteados durante el encuentro fue la búsqueda de alternativas para la generación y el uso de energía en Bolivia. Johst señaló que la energía es esencial para las empresas, las escuelas y la población, por lo que el desafío pasa también por identificar fuentes que sean accesibles y puedan sostenerse hacia el futuro. En ese marco, mencionó a la energía solar fotovoltaica y la eólica como alternativas que pueden ser utilizadas en el país. El representante de la GIZ también planteó que la transición energética requiere cambios en la forma en que se consume la energía, tanto en los hogares como en las industrias. Según explicó, el hecho de que la energía haya estado subvencionada redujo el incentivo para pensar en el ahorro. Frente a ese escenario, consideró necesario avanzar hacia el uso de electrodomésticos más eficientes y maquinaria que permita reducir el consumo energético. “La mejor energía que existe es la que no consumo porque ya está ahorrada”, afirmó Johst al referirse a la importancia de incorporar el ahorro como parte de esta transformación. Desde la Embajada de Alemania, el ministro consejero Kevin Oswald también destacó la energía como un área fundamental de la cooperación. Señaló que el gas continúa siendo una fuente importante para Bolivia, pero que al mismo tiempo se desarrollan alternativas como la energía eólica y solar, además de opciones como el biogás y la biomasa. Oswald explicó que existen empresas alemanas con tecnología y conocimiento especializado interesadas en participar en ese proceso y en invertir en fuentes de energía renovable. La agenda empresarial también incluyó otros sectores. Oswald señaló que uno de los objetivos es fomentar una mayor participación de empresas alemanas en Bolivia, con interés particular en la minería y los recursos críticos. Durante la jornada, KfW presentó cómo pueden financiarse proyectos en Bolivia, mientras que la GIZ expuso ejemplos de buenas prácticas en sectores como la industria de alimentos, minería y energía. También participaron empresas vinculadas con el sector financiero. Para Oswald, reunir a estos actores permitió identificar los desafíos actuales y las oportunidades para fortalecer la cooperación entre ambos países, además de conocer áreas en las que puede existir una participación empresarial alemana. La actividad fue planteada como un punto de partida para dar continuidad a los temas abordados. La cooperación alemana prevé conformar comisiones sectoriales que permitan profundizar las conversaciones y trabajar sobre asuntos específicos. Johst explicó que la intención es evitar que la iniciativa quede únicamente como un encuentro empresarial y avanzar hacia grupos de trabajo en áreas como energía y economía circular, con participación de empresas bolivianas y alemanas. “Eso no va a ser solo un evento, un encuentro, tomar café enorme. La idea es ya pensar en el futuro y crear, a través de comités, grupos pequeños que puedan trabajar en algún tema específico”, sostuvo Johst. Oswald confirmó que se prevé formar comisiones sectoriales, probablemente una vinculada con energía y otra con la industria de alimentos, además de analizar otros temas relacionados con el sector financiero. La finalidad será profundizar y concretar los resultados obtenidos durante la rueda de negocios. Para Johst, esta articulación busca combinar las capacidades de ambos países y generar soluciones conjuntas. “Unir fuerzas, eso va a ser como nuestro gran objetivo, como crear esta pareja boliviana-alemana para hacer más resilientes y con buena calidad a las empresas que están acá”, afirmó.",Economy,2026-10-02T17:37:36-04:00,https://www.economy.com.bo/articulo/economia/alemania-busca-alianzas-empresas-bolivianas-acelerar-transicion-energetica/20261002173736024247.html,6,business,Santa Cruz,national,0.85,2026-10-03T14:22:23.590223+00:00,4,neutral,1.0,Transformer financiero en español,True,neutral,0.9109,neutral,1.0,0,"Sector productivo, automotor y actividad empresarial",0.9679,[],[],50,moderado,{},{},2026-10-02T21:37:36Z,2026-10-03T14:22:23Z,2026-10-02T21:37:36Z,41.29,published,True,recent,evt-51d92cd9f6c9,1
1837d3f31785aea0a68d,Crecen las filas por gasolina y conductores expresan su molestia por la falta de solución al desabastecimiento,"En al menos cinco departamentos del país se registran largas filas en las estaciones de servicio de conductores que esperan para cargar gasolina. Los conductores expresan su molestia tras estar varias horas esperando a que llegue el carburante a los surtidores. “Por favor que nos traigan más gasolina. He estado andando en micro y mototaxis”, es el reclamo de una conductora en la ciudad de Santa Cruz de la Sierra, quien manifestó que estuvo por varias horas esperando gasolina. Mientras que en Montero, los conductores relatan que llevan desde este martes haciendo fila, pero que aún no llega gasolina al surtidor, e incluso señalaron que algunas personas llevan tres días esperando. MIRA AQUÍ: Ministerio de Economía: Moody’s elevó la calificación soberana de Bolivia de Caa3 a Caa2 Además, indicaron que los revendedores de combustible están vendiendo la botella de dos litros de gasolina entre Bs 20 y Bs 40. La misma situación se observa en La Paz y El Alto, donde conductores señalaron que debieron movilizarse entre varias estaciones de servicio , debido a que la mayoría no tenía gasolina para vender. En algunos casos, relataron que llevan más de cuatro horas haciendo fila en surtidores que si contaban con el carburante. Cochabamba, Potosí y Sucre reportan la misma situación, debido a que son escasas las cisternas que están llegando con combustible. MIRA AQUÍ: “Por el momento, la subvención a la gasolina se mantiene”, dice ministro de Hidrocarburos En Santa Cruz, la gerente general de la Asociación de Surtidores (Asosur) de Santa Cruz, Susy Dorado, señaló la tarde de este miércoles que los surtidores de la región comenzaron a recibir nuevamente gasolina, tras registrarse una paralización en los despachos. “No hemos tenido despachos desde el día sábado, no hubo despacho el domingo ni el lunes. Entonces, debido a eso es que no había combustible en las estaciones de servicio. Hoy día se está restableciendo el normal abastecimiento” , sostuvo Dorado tras una reunión con representantes de Yacimientos Petrolíferos Fiscales Bolivianos (YPFB). El Gobierno dice que se normalizará el abastecimiento Por su parte, el ministro de Hidrocarburos, Marcelo Blanco, manifestó que tras llegar a un acuerdo con los cisterneros, la distribución de combustible se normalizará en los próximos días. “Es un tema que han negociado los cisterneros locales, porque con los internacionales hemos negociado nosotros, y han negociado Yacimientos y la refinería, y han tardado en la negociación, es por eso que había una demora, pero ya han cerrado ayer (martes) la firma de los acuerdos, ya se tiene que empezar a restituir normalmente el combustible”, indicó el ministro. MIRA AQUÍ: Asosur: “Se está restableciendo el normal abastecimiento” de gasolina en Santa Cruz tras días de filas Mientras tanto, el vicepresidente Nacional de Operaciones de YPFB, Víctor Hugo Blacud, explicó que la interrupción de ese transporte había afectado el abastecimiento. Campetrol, que agrupa a unas 47 empresas, se comprometió a movilizar sus unidades para reanudar el traslado de combustibles como parte del acuerdo, contemplando también avanzar en la contratación de una empresa especializada que realice un estudio de costos del sector del transporte.",Unitel,,https://unitel.bo/noticias/economia/crecen-las-filas-por-gasolina-y-conductores-expresan-su-molestia-por-la-falta-de-solucion-al-desabastecimiento-CK23831298,7,television,Santa Cruz,national,0.7,2026-10-02T15:50:35.679048+00:00,6,desfavorable,0.9998,Transformer financiero en español,False,neutral,0.7552,desfavorable,0.9998,4,"Producción, inversión y régimen cambiario",0.6096,"[""YPFB"", ""MEFP""]","[""combustibles"", ""hidrocarburos""]",66,alto,"{""desabastecimiento"": 1, ""falta"": 1, ""demora"": 1}",{},,2026-10-02T15:50:35Z,2026-10-02T15:50:35Z,47.08,inferred_collected,True,recent,evt-ec09acb0801a,2
931ae22352c511c8b322,Suspenden distribución de GLP en barrios cruceños este jueves; el sector reclama subida de costos por nuevo precio del diésel,"En Santa Cruz de la Sierra, los vecinos deberán acudir directamente a las agencias distribuidoras para adquirir garrafas de Gas Licuado de Petróleo (GLP), debido a que los camiones distribuidores dejarán de realizar el reparto en los barrios como medida de protesta por 24 horas. Este jueves 1 de octubre, el sector determinó suspender la distribución de GLP en los barrios de Santa Cruz hasta obtener una respuesta de las autoridades a su pedido de compensación por el incremento del precio del diésel. “El sector ha determinado no distribuir, hasta que se llegue a una respuesta sobre el pedido que se hizo a las autoridades de una compensación de la subida del precio del diésel”, manifestó Fernando Segovia, representante de la Cámara Nacional de Distribuidores de Gas. MIRA AQUÍ: En medio de las filas por gasolina, las distribuidoras de gas ratifican que no saldrán a las calles desde este jueves La situación también genera preocupación entre comerciantes de los mercados , quienes aseguran que la distribución de las garrafas no está llegando con normalidad. Para este sector, contar con GLP es fundamental para cocinar y preparar los alimentos que posteriormente comercializan. Desde las juntas vecinales también expresaron su preocupación . César Pinto, representante de este sector, informó que se encuentran en estado de emergencia ante la situación y advirtió que podrían asumir medidas para exigir el abastecimiento. “Como Federación de Juntas Vecinales estamos en estado de emergencia ”, señaló Pinto, quien además anunció posibles movilizaciones. “ Vamos a reunirnos con las cuatro federaciones para tomar acciones en conjunto ”, afirmó. MIRA AQUÍ: Transporte pesado reporta que solo el 30% de su sector opera debido al diésel y el dólar El dirigente remarcó que la principal demanda de los vecinos es garantizar el abastecimiento de GLP en los barrios de Santa Cruz. Cabe aclarar que el producto se encuentra disponible en las agencias distribuidoras ; sin embargo, los camiones no realizarán el reparto habitual a los barrios mientras el sector espera una respuesta de las autoridades respecto a la compensación por el incremento del precio del diésel.",Unitel,,https://unitel.bo/noticias/economia/suspenden-distribucion-de-glp-en-barrios-crucenos-este-jueves-el-sector-reclama-subida-de-costos-por-nuevo-precio-del-diesel-GN23841878,3,television,Santa Cruz,national,0.7,2026-10-02T15:50:35.520335+00:00,4,desfavorable,0.9997,Transformer financiero en español,False,neutral,0.5593,desfavorable,0.9997,4,"Producción, inversión y régimen cambiario",0.6629,[],"[""tipo de cambio"", ""combustibles"", ""hidrocarburos"", ""empleo""]",64,alto,"{""emergencia"": 2}",{},,2026-10-02T15:50:35Z,2026-10-02T15:50:35Z,47.08,inferred_collected,True,recent,evt-1c7272b07380,1
87b8479853274f9ffb56,Distribuidores de gas en garrafa cumplen un paro este jueves en Cochabamba,"Se registra un paro de distribuidores de (GLP) en Cochabamba, alrededor de 30 empresas decidieron suspender durante esta jornada la distribución de garrafas a los barrios del departamento. José Romero, presidente de la Cámara de Distribuidores de GLP de Cochabamba, confirmó la medida y señaló que el sector demanda una compensación del Gobierno ante el incremento en el precio del diésel. MIRA AQUÍ: En medio de las filas por gasolina, las distribuidoras de gas ratifican que no saldrán a las calles desde este jueves “ A partir de hoy día no se va salir a distribuir a los barrios ”, afirmó Romero, quien además advirtió que, si no se encuentra una solución a su demanda, desde mañana los distribuidores dejarán de sacar gas. MIRA AQUÍ: Crecen las filas por gasolina y conductores expresan su molestia por la falta de solución al desabastecimiento De esta manera, se confirma que durante esta jornada no habrá distribución de GLP en los barrios de Cochabamba, mientras el sector espera una respuesta de las autoridades a su pedido de compensación.",Unitel,,https://unitel.bo/noticias/economia/distribuidores-de-gas-en-garrafa-cumplen-un-paro-este-jueves-en-cochabamba-GN23840237,3,television,Santa Cruz,national,0.7,2026-10-02T15:50:35.596773+00:00,2,desfavorable,0.9999,Transformer financiero en español,False,neutral,0.6262,desfavorable,0.9999,4,"Producción, inversión y régimen cambiario",0.6859,[],"[""combustibles""]",63,alto,"{""desabastecimiento"": 1, ""falta"": 1}",{},,2026-10-02T15:50:35Z,2026-10-02T15:50:35Z,47.08,inferred_collected,True,recent,evt-21d607dc25ba,1
81e35166ace925e2f50b,"Gasolina vuelve a los surtidores, pero persisten riesgos logísticos","La gasolina comenzó a salir hacia los surtidores después del acuerdo alcanzado entre YPFB y las empresas cisterneras. Sin embargo, la normalización no será inmediata: las unidades deben cargar en las plantas, recorrer las rutas asignadas y reponer los volúmenes agotados. Las mayores dificultades se registraron en Santa Cruz, La Paz y Cochabamba. El vicepresidente nacional de Operaciones de YPFB, Víctor Hugo Blacud, admitió que la interrupción del transporte dejó incompleto un eslabón fundamental de la cadena de abastecimiento. “Las filas de gasolina, principalmente en Santa Cruz y seguramente en algunos otros sectores del país, se produjeron porque faltó este eslabón, que es primordial para abastecer a todo el territorio nacional”, afirmó. YPFB y la Cámara Boliviana de Transporte de Derivados de Petróleo, que agrupa a unas 47 empresas, cerraron el acuerdo cerca de la medianoche del martes, después de casi 12 horas de negociación. El entendimiento reactiva el traslado de carburantes y dispone un estudio de costos del servicio. La negociación comenzó después de que los cisterneros advirtieran que el incremento del diésel modificó su estructura de costos. El litro pasó de Bs 9,80 a Bs 17,95 tras el levantamiento de la subvención. Blacud pidió disculpas a la población y sostuvo que las filas disminuirán paulatinamente. Demoras y pagos afectan la logística Sergio Kosky, presidente de la Federación de Cisterneros, informó que varias unidades permanecieron aglomeradas en la refinería Guillermo Elder Bell, en Palmasola, a la espera de descargar. No precisó el número de camiones ni atribuyó directamente esa demora a la falta de gasolina, pero pidió agilizar su ingreso y salida hacia los surtidores. El dirigente explicó que las entregas también dependen de pagos que, en algunos casos, se demoran y afectan la logística. Señaló que Bolivia cuenta con unas 7.000 cisternas y advirtió que cualquier interrupción de esa flota repercute en el abastecimiento nacional. “Si los camiones cisterna no circulan, no hay combustible”, resumió Kosky. En paralelo, una intervención de YPFB detectó anomalías en la distribución de 967.120 litros de gasolina en Potosí, volumen equivalente a unos tres días de abastecimiento departamental. El interventor Sergio Hinojosa reportó 107 casos en los que el combustible fue despachado antes de emitirse la factura, en contravención de los procedimientos internos. Según el informe preliminar, los volúmenes observados no llegaron regularmente a los puntos previstos. El hallazgo derivó en el alejamiento del gerente distrital de YPFB en Potosí y en la apertura de procesos administrativos para establecer responsabilidades. Como medida inmediata, la estatal anunció que garantizará la entrega de 20.000 litros de gasolina por surtidor y reforzará el control sobre la distribución.",El Deber,,https://eldeber.com.bo/economia/gasolina-vuelve-surtidores-persisten-riesgos-logisticos_1790849498,7,newspaper,Santa Cruz,national,0.7,2026-10-02T15:50:20.217553+00:00,6,desfavorable,0.9858,Transformer financiero en español,False,neutral,0.5938,desfavorable,0.9858,4,"Producción, inversión y régimen cambiario",0.5076,"[""YPFB""]","[""combustibles"", ""hidrocarburos""]",57,moderado,"{""falta"": 1, ""demora"": 1}",{},,2026-10-02T15:50:20Z,2026-10-02T15:50:20Z,47.08,inferred_collected,True,recent,evt-31f45b1838aa,1
b2487a2d430cfad28815,YPFB y distribuidores de GLP acuerdan mantener el reparto de garrafas,"YPFB y los distribuidores de gas licuado de petróleo (GLP) anunciaron un acuerdo transitorio para mantener el reparto de garrafas en los barrios , después de que el sector advirtiera que suspendería el servicio desde este jueves 1 de octubre por el incremento de sus costos operativos. El entendimiento fue comunicado por Víctor Hugo Blacud, vicepresidente nacional de Operaciones de YPFB , y el representante del sector, José Luis Sejas . La continuidad de la distribución estará acompañada de un estudio independiente para evaluar las tarifas del servicio. “Se llegó a un acuerdo transitorio hasta que se haga un estudio de tarifa (…) con empresas independientes, lo cual garantiza el abastecimiento a nivel nacional de GLP”, manifestó Sejas. Consultado sobre si el compromiso comprende la entrega de garrafas en los barrios, el vocero respondió: “Correcto, exactamente, a todo el país en general” . La Cámara Nacional de Distribuidores de GLP había anunciado que los camiones no realizarían su salida habitual desde el jueves. Según su comunicado, el aumento del precio del diésel había elevado los gastos de operación y hacía necesario actualizar la comisión que reciben las empresas por el servicio. El sector señaló que había presentado un estudio técnico al Gobierno y que, mientras esperaba una respuesta, continuaba trabajando en condiciones que, según los distribuidores, les generaban pérdidas. Tras la negociación, Blacud explicó que YPFB esperará los resultados de una consultoría antes de definir el ajuste de las tarifas con las que operarán las empresas. “Una vez que tengamos los resultados de esta consultoría, también vamos a hacer un ajuste a los precios con los que ellos van a trabajar”, sostuvo. Los voceros no detallaron el monto ni el porcentaje del acuerdo transitorio , ni precisaron las condiciones económicas que regirán durante la evaluación. Blacud señaló que la estatal busca concluir el estudio en el menor tiempo posible y mencionó un plazo estimado de 21 días , conversado con los representantes del sector. “Esperamos poder hacerlo en el tiempo más breve posible y de esa manera también poder dar una tranquilidad y una certidumbre al mismo sector”, afirmó. El compromiso anunciado permite mantener el reparto que estaba amenazado por el conflicto. La definición de una solución definitiva sobre los costos quedará pendiente de los resultados del estudio.",El Deber,,https://eldeber.com.bo/economia/ypfb-distribuidores-glp-acuerdan-mantener-reparto-garrafas_1790812062,6,newspaper,Santa Cruz,national,0.7,2026-10-02T15:50:20.300758+00:00,3,desfavorable,0.9838,Transformer financiero en español,False,neutral,0.7555,desfavorable,0.9838,4,"Producción, inversión y régimen cambiario",0.4568,"[""YPFB""]","[""combustibles"", ""hidrocarburos""]",55,moderado,"{""conflicto"": 1}",{},,2026-10-02T15:50:20Z,2026-10-02T15:50:20Z,47.08,inferred_collected,True,recent,evt-f908b05f9240,1
8741b99ed6d95cd1c8e5,Distribuidores de GLP paran reparto a los barrios y reclaman nuevas tarifas,"La distribución de Gas Licuado de Petróleo (GLP) a los barrios comenzó a resentirse ayer en Santa Cruz y otras regiones del país, luego de que los distribuidores decidieran suspender la salida de sus camiones en demanda de una compensación por el incremento de sus costos operativos, principalmente por el encarecimiento del diésel. El sector asegura que trabajar con las actuales condiciones implica una pérdida aproximada de Bs 1,60 por cada garrafa transportada, por lo que reclama al Gobierno una compensación que permita sostener el servicio, sin trasladar el mayor costo al consumidor. La Cámara Nacional de Distribuidores de GLP sostiene que no está planteando un incremento del precio de la garrafa, que se mantiene en Bs 22,50, sino una revisión de la comisión que reciben las empresas por llevar el producto desde las plantas envasadoras hasta los barrios. “Ya no podemos sostener una distribución a pérdida”, afirmó Fernando Segovia, dirigente de la Cámara Nacional de Distribuidores de GLP. En Santa Cruz operan 32 empresas dedicadas a la distribución de GLP, mientras que a escala nacional el sector está compuesto por 134 empresas, de acuerdo con los datos proporcionados por los distribuidores. El impacto de la medida es significativo por el volumen que se moviliza. En Santa Cruz se distribuyen entre 33.000 y 36.000 garrafas por día, mientras que el movimiento nacional llega a unas 135.000 a 140.000 unidades diarias. El dirigente explicó que el incremento del diésel no representa el único efecto sobre la estructura de costos de las empresas. A la factura del combustible se suman los mayores precios de repuestos, llantas, aceites y otros insumos utilizados para mantener operativos los camiones. “Solamente por el tema diésel estaríamos perdiendo aproximadamente un boliviano con 60 por garrafa y aparte se tiene que contar que el precio del diésel tiene una escalada en los otros precios”, señaló Segovia. El reclamo se produce en un contexto de fuerte presión sobre toda la cadena de transporte de combustibles. En los últimos días, YPFB también tuvo que negociar con los transportistas cisterneros para garantizar el traslado de gasolina y diésel hacia las distintas regiones del país. El acuerdo alcanzado con ese sector permitió reactivar el transporte de carburantes. Para los distribuidores de GLP, sin embargo, el problema es diferente. Ellos constituyen el último eslabón de la cadena: reciben las garrafas en las plantas envasadoras y se encargan de llevarlas hasta los puntos de venta y los barrios. La paralización del reparto no significa necesariamente que el GLP haya dejado de estar disponible. En Santa Cruz, reportes de esta jornada señalan que las garrafas pueden adquirirse en las agencias distribuidoras, pero los camiones no están realizando el recorrido habitual por los barrios. La diferencia es importante para los consumidores, porque obliga a las familias que necesitan el producto a trasladarse hasta los puntos de distribución, en lugar de adquirirlo directamente del camión que recorre las zonas urbanas y rurales. El precio oficial continúa en Bs 22,50 por garrafa. Ese valor ya había sido objeto de presión durante el año, cuando en distintos barrios de Santa Cruz se denunciaron ventas por encima del precio establecido y dificultades para acceder al producto. En julio, YPFB atribuyó parte de los problemas de abastecimiento al incremento estacional de la demanda y a dificultades de engarrafado, y anunció un plan de contingencia para reforzar la provisión. La estatal informó entonces que las plantas Palmasola I y II podían envasar entre 35.000 y 40.000 garrafas de 10 kilos por día durante el invierno, volumen que podía llegar a unas 45.000 unidades. Para los distribuidores, el objetivo no es elevar el precio que paga el consumidor, sino evitar que el costo adicional generado por el diésel, termine haciendo inviable la actividad. La medida, según la dirigencia, se mantendrá mientras no exista una solución que permita cubrir el incremento de los costos. El desenlace de la negociación será clave para evitar que una interrupción temporal del reparto termine convirtiéndose en un problema de abastecimiento para los hogares, comercios y pequeños negocios que dependen diariamente del GLP.",El Deber,,https://eldeber.com.bo/economia/distribuidores-glp-paran-reparto-barrios-reclaman-nuevas-tarifas_1790938188,10,newspaper,Santa Cruz,national,0.7,2026-10-02T15:50:19.678141+00:00,7,desfavorable,0.9999,Transformer financiero en español,True,desfavorable,0.5238,desfavorable,0.9999,4,"Producción, inversión y régimen cambiario",0.6393,"[""YPFB""]","[""combustibles"", ""hidrocarburos""]",68,alto,"{""pérdida"": 2, ""presión"": 2}",{},,2026-10-02T15:50:19Z,2026-10-02T15:50:19Z,47.08,inferred_collected,True,recent,evt-5315b151dc69,2
dd715c3764e5876268ba,"El gas sigue en Bs 22,50, pero repartirlo a los barrios ya genera pérdidas, según distribuidores","La distribución de Gas Licuado de Petróleo (GLP) a los barrios comenzó a resentirse este jueves en Santa Cruz y otras regiones del país, luego de que los distribuidores decidieran suspender de forma indefinida la salida de sus camiones en demanda de una compensación por el incremento de sus costos operativos, principalmente por el encarecimiento del diésel. El sector asegura que trabajar con las actuales condiciones implica una pérdida aproximada de Bs 1,60 por cada garrafa transportada , por lo que reclama al Gobierno una compensación que permita sostener el servicio sin trasladar el mayor costo al consumidor. La Cámara Nacional de Distribuidores de GLP sostiene que no está planteando un incremento del precio de la garrafa , que se mantiene en Bs 22,50 , sino una revisión de la comisión que reciben las empresas por llevar el producto desde las plantas envasadoras hasta los barrios. “Y a no podemos sostener una distribución a pérdida ”, afirmó Fernando Segovia , dirigente de la Cámara Nacional de Distribuidores de GLP. En Santa Cruz operan 32 empresas dedicadas a la distribución de GLP , mientras que a escala nacional el sector está compuesto por 134 empresas , de acuerdo con los datos proporcionados por los distribuidores. El impacto de la medida es significativo por el volumen que moviliza esta cadena. En Santa Cruz se distribuyen habitualmente entre 33.000 y 36.000 garrafas por día , mientras que el movimiento nacional llega a unas 135.000 a 140.000 unidades diarias , según Segovia. El dirigente explicó que el incremento del diésel no representa el único efecto sobre la estructura de costos de las empresas . A la factura del combustible se suman los mayores precios de repuestos, llantas, aceites y otros insumos utilizados para mantener operativos los camiones. “Solamente por el tema diésel estaríamos perdiendo aproximadamente un boliviano con 60 por garrafa y aparte se tiene que contar que el precio del diésel tiene una escalada en los otros precios ”, señaló Segovia. El reclamo se produce en un contexto de fuerte presión sobre toda la cadena de transporte de combustibles . En los últimos días, YPFB también tuvo que negociar con los transportistas cisternas para garantizar el traslado de gasolina y diésel hacia las distintas regiones del país. El acuerdo alcanzado con ese sector permitió reactivar el transporte de carburantes. Para los distribuidores de GLP, sin embargo, el problema es diferente. Ellos constituyen el último eslabón de la cadena: reciben las garrafas en las plantas envasadoras y se encargan de llevarlas hasta los puntos de venta y los barrios. La paralización del reparto no significa necesariamente que el GLP haya dejado de estar disponible. En Santa Cruz, reportes de esta jornada señalan que las garrafas pueden adquirirse en las agencias distribuidoras, pero los camiones no están realizando el recorrido habitual por los barrios. La diferencia es importante para los consumidores, porque obliga a las familias que necesitan el producto a trasladarse hasta los puntos de distribución, en lugar de adquirirlo directamente del camión que recorre las zonas urbanas y rurales. El precio oficial continúa en Bs 22,50 por garrafa . Ese valor ya había sido objeto de presión durante el año, cuando en distintos barrios de Santa Cruz se denunciaron ventas por encima del precio establecido y dificultades para acceder al producto. En julio, YPFB atribuyó parte de los problemas de abastecimiento al incremento estacional de la demanda y a dificultades de engarrafado , y anunció un plan de contingencia para reforzar la provisión. La estatal informó entonces que las plantas Palmasola I y II podían envasar entre 35.000 y 40.000 garrafas de 10 kilos por día durante el invierno , volumen que podía llegar a unas 45.000 unidades considerando las plantas provinciales. El miércoles 30 de septiembre, YPFB y representantes de los cisternas que transportan GLP a las envasadoras llegaron a un acuerdo, pero Segovia aclaró que el acuerdo solo beneficia a un eslabón de la cadena de distribución de GlLP. ""Ese acuerdo es entre los que llevan el GLP a las envasadores y no entre los que transportamos las garrafas de las envasadoras o agencias y lo distribuimos en los diferentes barrios de la ciudad"", precisó Segovia. Para los distribuidores, el objetivo no es elevar el precio que paga el consumidor, sino evitar que el costo adicional generado por el diésel termine haciendo inviable la actividad. La medida, según la dirigencia, se mantendrá mientras no exista una solución que permita cubrir el incremento de los costos. El desenlace de la negociación será clave para evitar que una interrupción temporal del reparto termine convirtiéndose en un problema de abastecimiento para los hogares, comercios y pequeños negocios que dependen diariamente del GLP.",El Deber,,https://eldeber.com.bo/economia/gas-sigue-bs-22-50-repartirlo-barrios-genera-perdidas-distribuidores_1790885968,10,newspaper,Santa Cruz,national,0.7,2026-10-02T15:50:19.807384+00:00,7,desfavorable,0.9999,Transformer financiero en español,True,desfavorable,0.4794,desfavorable,0.9999,4,"Producción, inversión y régimen cambiario",0.6152,"[""YPFB""]","[""combustibles"", ""hidrocarburos""]",68,alto,"{""pérdida"": 2, ""presión"": 2}",{},,2026-10-02T15:50:19Z,2026-10-02T15:50:19Z,47.08,inferred_collected,True,recent,evt-5315b151dc69,2
e9b3acd1feb7caede26d,Cancillería responde a denuncias de quema de madera boliviana en Chile,"La Cancillería boliviana se pronunció este jueves ante las denuncias del sector forestal sobre la quema de madera retenida en Arica (Chile) , un conflicto que, según sus representantes, provoca pérdidas de entre $us 10 y 15 millones por la retención de cargamentos y la paralización de operaciones comerciales. Mediante un comunicado, el Ministerio de Relaciones Exteriores informó que mantiene gestiones diplomáticas y tomó conocimiento de una disposición de la Fiscalía Regional de Arica y Parinacota para suspender temporalmente la destrucción de las cargas incautadas y ya analizadas . El pronunciamiento llega después de que representantes del sector denunciaran nuevas quemas pese a esa disposición. La Cancillería pidió preservar las muestras necesarias para posteriores verificaciones, aunque no precisó si comprobó el cumplimiento de la suspensión ni detalló los resultados de sus gestiones . Pedro Colanzi, representante del sector forestal, cuestionó la destrucción de los cargamentos y señaló que el daño económico alcanza a las empresas, los trabajadores y la cadena productiva. También advirtió sobre el deterioro de la reputación internacional de las exportaciones bolivianas. La Cámara Forestal de Bolivia solicitó preservar la madera para realizar nuevas pericias que permitan determinar la naturaleza, concentración y origen de las sustancias detectadas. Como antecedente, seis contenedores fueron incinerados en septiembre: uno el día 3 y otros cinco el 11. Además, una comisión del Senado boliviano que se encuentra en Chile denunció el miércoles que observó movimiento de madera hacia la zona de incineración. Ese reporte no establece por sí solo cuántas cargas adicionales fueron destruidas. El Ministerio de Relaciones Exteriores señaló que, ante información sobre una eventual continuidad de la destrucción de cargas, tomó conocimiento del oficio Res. FR XV N.º 016-2026, del 21 de septiembre de 2026 . Según el comunicado, la Fiscalía Regional de Arica y Parinacota d ispuso suspender temporalmente la destrucción de las especies incautadas y ya analizadas mientras se resuelven solicitudes pendientes relacionadas con algunas incautaciones. La Cancillería consideró importante que, durante ese periodo, “se preserven adecuadamente las muestras, especies o elementos que pudieran resultar necesarios para eventuales verificaciones posteriores”. También expresó su confianza en que la investigación continúe con respeto al ordenamiento jurídico y a las garantías del debido proceso , resguardando los intereses legítimos de Bolivia y de su sector exportador. Sin embargo, el comunicado no identifica las gestiones realizadas, sus resultados ni las medidas solicitadas para asegurar la conservación de las cargas . Tampoco confirma que la incineración haya continuado después de la disposición fiscal o anuncia una acción jurídica internacional. A las denuncias del sector forestal se sumó el Instituto Boliviano de Comercio Exterior (IBCE) . Su gerente general, Gary Rodríguez , reclamó una intervención del Gobierno por las vías jurídica internacional y diplomática . “Lo que están haciendo en Chile con las maderas bolivianas es una iniquidad”, afirmó durante una conferencia de prensa este jueves. Según el IBCE, existen 59 contenedores retenidos desde principios de año y el conflicto ha causado un daño económico de $us 15 millones , además de afectar 20 mercados y la reputación de los exportadores. Estas cifras corresponden a estimaciones de la institución. Rodríguez denunció que las empresas no pudieron obtener muestras para realizar peritajes independientes, pese a una solicitud del Ministerio de Gobierno de Bolivia en junio. También sostuvo que la incineración continuó pese a la disposición fiscal de suspensión. El ejecutivo cuestionó las consecuencias del caso para la confianza en el comercio bilateral e invocó el Tratado de Paz y Amistad de 1904 y el Acuerdo de Facilitación del Comercio de la Organización Mundial del Comercio como parte de su reclamo por garantías para las exportaciones bolivianas. El sector forestal sostiene que los análisis conocidos no demuestran una impregnación deliberada de droga en la madera. La Fiscalía chilena mantiene una posición diferente y afirma que sus pruebas confirmaron la presencia de sustancias ilícitas. Colanzi también advirtió que el caso puede convertirse en un precedente para otros sectores que exportan por puertos chilenos, entre ellos la soya, los minerales y la carne. Mientras los empresarios reclaman una intervención más definida, la Cancillería informa seguimiento diplomático y pide preservar las pruebas. Queda pendiente esclarecer si la destrucción fue efectivamente detenida y qué medidas garantizarán que el material permanezca disponible para nuevas verificaciones.",El Deber,,https://eldeber.com.bo/economia/cancilleria-responde-denuncias-quema-madera-boliviana-chile_1790881394,5,newspaper,Santa Cruz,national,0.7,2026-10-02T15:50:19.892356+00:00,3,desfavorable,0.9981,Transformer financiero en español,False,neutral,0.7258,desfavorable,0.9981,3,"Precios, alimentos y servicios básicos",0.7683,"[""IBCE""]","[""exportaciones""]",66,alto,"{""conflicto"": 2, ""deterioro"": 1}",{},,2026-10-02T15:50:19Z,2026-10-02T15:50:19Z,47.08,inferred_collected,True,recent,evt-dcf387c96d92,1
d5fff85885a7b1049554,"El dólar flexible baja 10 centavos y se cotiza este viernes en Bs 11,90","El dólar flexible se cotiza este viernes, 2 de octubre, en Bs 11,90 , de acuerdo con la cotización establecida por el Banco Central de Bolivia (BCB). La divisa registra así un nuevo descenso, luego de haber iniciado octubre con una cotización de Bs 12,00. Durante la última semana de septiembre, el tipo de cambio mostró una tendencia a la baja . El 25 de septiembre alcanzó los Bs 12,22, pero posteriormente descendió a Bs 12,05 entre el 26 y el 28 de septiembre. El 29 y 30 de septiembre, la cotización se ubicó en Bs 12,02 , valor con el que cerró el mes. Un día después, el jueves 1 de octubre, bajó a Bs 12,00 y este viernes volvió a descender hasta los Bs 11,90. De esta maner a, la cotización del dólar flexible acumula una reducción de Bs 0,32 desde el máximo registrado el 25 de septiembre, cuando llegó a Bs 12,22. ¿A cuánto se cotiza en el mercado paralelo? En el mercado paralelo, el portal dolarboliviahoy.com reporta un precio de Bs 11,99 para la compra y Bs 11,96 para la venta. Estos valores se encuentran próximos a la cotización informada por el BCB para este viernes , cuando el dólar flexible se sitúa en Bs 11,90.",El Deber,,https://eldeber.com.bo/economia/dolar-flexible-baja-10-centavos-cotiza-este-viernes-bs-11-90_1790952526,5,newspaper,Santa Cruz,national,0.7,2026-10-02T15:50:19.410448+00:00,4,desfavorable,0.9999,Transformer financiero en español,False,neutral,0.6719,desfavorable,0.9999,1,"Tipo de cambio, divisas y abastecimiento de combustibles",0.9935,"[""BCB""]","[""tipo de cambio""]",50,moderado,{},{},,2026-10-02T15:50:19Z,2026-10-02T15:50:19Z,47.08,inferred_collected,True,recent,evt-3c7fcc87e728,2
9bb66a9eca9b398bfe70,EL DECRETO SUPREMO N° 5630 ESTÁ VIGENTE: ASFI SUPERVISA QUE LAS ENTIDADES FINANCIERAS CUMPLAN CON SU APLICACIÓN | ASFI,"La Autoridad de Supervisión del Sistema Financiero (ASFI) ratificó que cumple de manera oportuna y efectiva las funciones que le asigna el Decreto Supremo N° 5630, orientadas a proteger a los consumidores financieros cuya capacidad de pago se vio afectada por los conflictos sociales, bloqueos y otros eventos adversos. Desde la vigencia del Decreto Supremo, ASFI activó acciones inmediatas para garantizar su aplicación. El 9 de junio de 2026, mediante la Carta Circular ASFI/DCF/CC-1324/2026, recordó a las entidades de intermediación financiera y empresas de arrendamiento financiero que deben adecuar sus procesos internos para atender, evaluar, convenir y aprobar las solicitudes de refinanciamiento y/o reprogramaciones presentadas voluntariamente por los prestatarios afectados, brindando una atención oportuna, ágil y diligente. Posteriormente, el 11 de junio de 2026, a través de la Carta Circular ASFI/DCF/CC-1345/2026, instruyó la implementación de acciones de difusión y educación financiera para que la población conozca sus derechos y los beneficios establecidos en la norma, además de disponer la capacitación del personal de las entidades supervisadas para garantizar una orientación clara, íntegra y accesible a los consumidores financieros. ASFI recuerda que la aplicación de estas medidas no está condicionada a la emisión de reglamentación adicional, ya que el propio Decreto Supremo N° 5630 establece las obligaciones que deben cumplir las entidades financieras. Los consumidores financieros afectados tienen derecho a solicitar la evaluación de su situación y acceder a los mecanismos de alivio financiero previstos por el Estado. Para despejar las principales dudas de la población, ASFI responde las consultas más frecuentes sobre la aplicación del Decreto Supremo N° 5630: ¿Quiénes acceden a estos beneficios? Pueden acceder los prestatarios cuyos ingresos se hayan visto afectados por conflictos sociales, bloqueos u otros eventos adversos que dificulten el cumplimiento de sus obligaciones financieras. ¿La reprogramación o el refinanciamiento son automáticos? No. El prestatario debe solicitar voluntariamente la evaluación de su caso ante la entidad financiera donde mantiene su operación crediticia. ¿Qué diferencia existe entre reprogramar y refinanciar un crédito? La reprogramación consiste en modificar las condiciones del crédito vigente, como el plazo o el plan de pagos, para adecuarlo a la nueva capacidad de pago del prestatario. El refinanciamiento implica la suscripción de una nueva operación financiera que reorganiza la deuda existente, de acuerdo con la evaluación realizada por la entidad financiera. Es el periodo durante el cual la entidad financiera analiza y evalúa la solicitud del prestatario. Durante este tiempo no se cobran cuotas, intereses, seguros, comisiones ni otros cargos, y la operación mantiene su situación crediticia original. El Decreto Supremo establece una prórroga inicial de hasta 30 días calendario desde la publicación de la norma. Este plazo puede ampliarse conforme a las políticas internas de cada entidad financiera. Es un periodo durante el cual el prestatario no realiza pagos de capital, intereses, seguros, comisiones ni otros cargos relacionados con la operación crediticia. ¿Cuál es la duración máxima del período de gracia? El período de gracia puede ser de uno a seis meses, dependiendo de la evaluación realizada por la entidad financiera y de la capacidad de pago del consumidor financiero. ¿La deuda desaparece durante el período de gracia? No. La obligación crediticia se mantiene vigente. Los montos que no se pagan durante este periodo son incorporados posteriormente al nuevo plan de pagos, adecuándolo a la capacidad real del prestatario. ¿La tasa de interés aumenta por acceder a estos beneficios? No. La tasa de interés debe mantenerse en las mismas condiciones vigentes antes de la reprogramación o refinanciamiento, salvo que se acuerde una tasa más favorable para el prestatario. ¿La calificación crediticia se ve afectada? No. El acceso a una reprogramación o refinanciamiento en el marco del Decreto Supremo N° 5630 no implica una reclasificación automática a una categoría de mayor riesgo. ¿Se deben pagar gastos adicionales por los documentos de reprogramación o refinanciamiento? No. Los costos de elaboración de minutas, adendas y demás documentación requerida para formalizar estas operaciones deben ser asumidos por la entidad financiera. ¿Qué se debe hacer para solicitar este beneficio? La solicitud debe ser presentada ante la entidad financiera donde se mantiene la operación crediticia. La entidad evaluará la situación económica del prestatario y determinará las alternativas que correspondan de acuerdo con su capacidad de pago. ¿Cómo se conocen los requisitos para acceder a estos beneficios? Las entidades financieras deben publicar los requisitos en sus sitios web y proporcionar información clara, íntegra y accesible a los prestatarios que la soliciten. ASFI es la institución técnica encargada de regular, supervisar y controlar a las entidades financieras. En el marco del Decreto Supremo N° 5630, verifica que las entidades atiendan, evalúen y gestionen las solicitudes de refinanciamiento o reprogramación conforme a la normativa vigente. ¿Qué ocurre si una entidad financiera no cumple la normativa? En primera instancia, corresponde presentar el reclamo ante la propia entidad financiera. Si el consumidor financiero considera que la respuesta recibida no resuelve su reclamo o vulnera sus derechos, puede acudir a ASFI para que verifique el cumplimiento de la normativa vigente y adopte las acciones que correspondan. ASFI reafirma su compromiso de supervisar el cumplimiento de las disposiciones vigentes, resguardar los derechos de los consumidores financieros y velar porque las entidades financieras apliquen las medidas establecidas en el Decreto Supremo N° 5630 en beneficio de las familias bolivianas afectadas por la actual coyuntura.",ASFI,,https://www.asfi.gob.bo/node/1393,7,official,La Paz,national,0.95,2026-10-02T15:49:46.372316+00:00,4,neutral,1.0,Transformer financiero en español,True,neutral,0.9727,neutral,1.0,3,"Precios, alimentos y servicios básicos",0.6798,"[""ASFI""]","[""sistema financiero""]",54,moderado,"{""riesgo"": 1}",{},,2026-10-02T15:49:46Z,2026-10-02T15:49:46Z,47.09,inferred_collected,True,recent,evt-c863f7061c44,1
9bbf3d0422904a7f4fdb,"¿RETUVIERON FONDOS DE TU CUENTA? ASFI ACLARA QUIÉN ORDENA LA RETENCIÓN, CÓMO SE PROCESA Y QUIÉN DEBE NOTIFICARTE | ASFI","ASFI aclaró que las retenciones de fondos por obligaciones tributarias municipales son dispuestas por la autoridad competente y canalizadas por ASFI a las entidades financieras para su ejecución. En el caso de La Paz, las órdenes fueron emitidas por la Administración Tributaria Municipal (ATM) para el cobro de deudas relacionadas con vehículos e inmuebles. Actualmente, alrededor de 160.000 cuentas están sujetas a estas órdenes de retención. A continuación, todo lo que debe saber si te congelaron tu cuenta o retuvieron fondos: 1. ¿Quién ordena la retención de fondos? La retención de fondos no es dispuesta por ASFI ni por las entidades financieras. La orden es emitida por la autoridad competente, de acuerdo con sus atribuciones legales y la naturaleza de la obligación. Estas instrucciones pueden provenir, entre otras, de autoridades judiciales, el Ministerio Público, el Servicio de Impuestos Nacionales (SIN), la Aduana Nacional, la Autoridad de Fiscalización del Juego (AJ) y los gobiernos autónomos municipales, como ocurre en el caso de la Administración Tributaria Municipal (ATM) del Gobierno Autónomo Municipal de La Paz. 2. ¿Cuál es la función de ASFI en una retención de fondos? ASFI recibe y canaliza las instrucciones emitidas por la autoridad competente hacia las entidades financieras correspondientes y supervisa su cumplimiento, conforme a la normativa vigente. ASFI no determina, califica ni establece las deudas, obligaciones o responsabilidades que originan estas órdenes. 3. ¿Cómo se procesa una orden de retención? Una vez que ASFI recibe la instrucción de retención, la canaliza el mismo día a las entidades financieras correspondientes. A partir de su recepción, las entidades financieras cuentan con 24 horas para ejecutar la orden, conforme al procedimiento establecido. 4. ¿Quién debe informar al consumidor financiero sobre la retención? La autoridad competente que dispone la retención debe informar al usuario sobre la medida adoptada, a través de los canales oficiales que correspondan. Asimismo, una vez ejecutada la retención, la entidad financiera debe comunicar al consumidor financiero la aplicación de la medida en su cuenta. 5. ¿Qué información debe proporcionar la entidad financiera? La entidad financiera debe informar al consumidor financiero sobre la medida aplicada, entregar una copia de la instrucción legal que originó la retención y explicar su origen, monto y motivo. 6. ¿Qué recursos están protegidos de una retención? Las entidades financieras deben respetar los recursos correspondientes a sueldos, salarios, pensiones, jubilaciones y beneficios sociales que tienen carácter inembargable conforme a la Constitución Política del Estado (CPE) y las leyes, en los términos y condiciones establecidos por la legislación aplicable. 7. ¿Qué ocurre si la retención afecta recursos legalmente inembargables? La entidad financiera debe proceder conforme a la normativa para su liberación, sin trasladar al consumidor financiero obligaciones que no le correspondan. 8. ¿Cómo se levanta una retención de fondos? El levantamiento o descongelamiento de los fondos debe ser dispuesto por la autoridad competente que ordenó la retención. Esta debe emitir la instrucción correspondiente, que será recibida y canalizada por ASFI a la entidad financiera para su cumplimiento. 9. ¿Qué hace ASFI si una entidad financiera incumple sus obligaciones? ASFI realiza inspecciones a las entidades financieras para verificar el cumplimiento de las disposiciones sobre atención e información a los consumidores financieros y protección de recursos legalmente inembargables. En caso de identificar incumplimientos, aplicará los procesos sancionatorios y las medidas correctivas que correspondan conforme a la normativa vigente. 10. ¿Qué debe hacer un consumidor financiero si tiene una retención en su cuenta? Debe acudir a su entidad financiera y solicitar información sobre el origen, monto y motivo de la retención, así como una copia de la orden que sustenta la medida. Si la entidad no proporciona la información correspondiente o no cumple sus obligaciones, puede presentar su reclamo ante la propia entidad, utilizando los mecanismos de atención y reclamo establecidos. ASFI reafirma su compromiso con la protección de los consumidores financieros y el cumplimiento de la normativa vigente, fortaleciendo la supervisión de las entidades financieras y las acciones de control que correspondan.",ASFI,,https://www.asfi.gob.bo/node/1465,8,official,La Paz,national,0.95,2026-10-02T15:49:43.848958+00:00,5,neutral,1.0,Transformer financiero en español,True,neutral,0.9843,neutral,1.0,3,"Precios, alimentos y servicios básicos",0.772,"[""ASFI"", ""SIN"", ""Aduana Nacional""]","[""salarios""]",50,moderado,{},{},,2026-10-02T15:49:43Z,2026-10-02T15:49:43Z,47.09,inferred_collected,True,recent,evt-a0810e9ef2d7,1
b260a018f6f7b1dca842,Crecen las filas para la gasolina y las distribuidores de garrafas de GLP paran por el alza del diésel,"La escasez de gasolina persiste en al menos cinco departamentos de Bolivia, donde se registran filas de conductores que intentan abastecerse. En tanto, el Gobierno nacional aseguró el miércoles que mantendrá “por el momento” la subvención al carburante y vinculo la falta a un problema logístico por la elaboración de nuevos contratos. Los conductores contaron que hacen filas por varias horas y hasta días como sucede en Montero. En Cochabamba, después de dos semanas sin fila luego de la eliminación del subsidio al diésel, las colas de motorizados volvieron para el abastecimiento de gasolina. El expresidente Evo Morales advirtió ayer que, según información que habría recibido desde el interior del Gobierno, “el viernes se levantaría la subvención a la gasolina”. El exmandatario sostuvo que la medida podría concretarse este fin de semana, pese a que, las autoridades señalaron que sería en enero. A pesar del acuerdo con el Gobierno de realizar un estudio para fijar un nuevo costo, los distribuidores de Gas Licuado de Petróleo (GLP) iniciaron ayer un paro en Cochabamba y suspendieron la distribución de garrafas a los barrios, como medida de protesta por el incremento de sus costos operativos tras el retiro de la subvención al diésel. La medida afecta tanto al municipio de Cercado como a las diferentes provincias, por lo que los distribuidores advirtieron que las garrafas no serán entregadas mientras se mantenga la suspensión. El representante de los distribuidores de gas en Cochabamba, Edilberto Arandia, confirmó la paralización de actividades y señaló que la determinación fue asumida de manera conjunta en diferentes regiones del país, según un reporte de la Red Uno. En Santa Cruz de la Sierra, los vecinos deberán acudir directamente a las agencias distribuidoras para adquirir garrafas de Gas Licuado de Petróleo (GLP), debido a que Los camiones distribuidores también dejaron de realizar el reparto en los barrios como medida de protesta. El sector determinó suspender la distribución de GLP en los barrios de Santa Cruz hasta obtener una respuesta de las autoridades a su pedido de compensación por el incremento del diésel. “El sector ha determinado no distribuir, hasta que se llegue a una respuesta sobre el pedido que se hizo a las autoridades de una compensación de la subida del precio del diésel”, manifestó Fernando Segovia, representante de la Cámara Nacional de Distribuidores de Gas.",Los Tiempos,2026-10-02T08:46:41-04:00,https://www.lostiempos.com/actualidad/economia/20261002/crecen-filas-gasolina-distribuidores-garrafas-glp-paran-alza-del-diesel,5,newspaper,Cochabamba,national,0.7,2026-10-04T14:51:03.451057+00:00,3,neutral,0.9975,Transformer financiero en español,False,desfavorable,0.4791,neutral,0.9975,4,"Producción, inversión y régimen cambiario",0.7089,[],"[""combustibles"", ""hidrocarburos""]",62,alto,"{""escasez"": 1, ""falta"": 1}",{},2026-10-02T12:46:41Z,2026-10-04T14:51:03Z,2026-10-02T12:46:41Z,50.14,published,True,recent,evt-aa32f6118d83,1
18a2398a5d841d129794,Firmas extranjeras están interesadas en invertir en el ‘hub’ de Viru Viru,"Empresas de Francia, Canadá, Argentina y China expresaron su interés en participar en la licitación para el proyecto de “Diseño, construcción, equipamiento, operación, mantenimiento, modernización y expansión del hub Aeroportuario Internacional Viru Viru”, informó este jueves el ministro de Obras Públicas, Mauricio Zamora. “Tenemos tres empresas, una canadiense, (otra) argentina y (la tercera), francesa; hemos recibido también cartas de empresas de la China. La idea es que se presenten la mayor cantidad de (firmas interesadas), pero sobre todo lo que vamos a cuidar es que realmente tengan la experiencia requerida”, afirmó Zamora. Entre las empresas que ya realizaron una visita técnica de inspección al aeropuerto internacional de Viru Viru se encuentran la canadiense Aecon, la argentina Corporación América Airports y la francesa VINCI Airports. El proyecto fue declarado de interés estratégico nacional y prioridad pública mediante el Decreto Supremo 5733, suscrito por el presidente Rodrigo Paz y el ministro Zamora. CAF | Banco de desarrollo de América Latina y El Caribe brindará apoyo técnico al proceso. Zamora destacó la importancia de garantizar la experiencia de las empresas interesadas, debido a la magnitud del proyecto y al objetivo de convertir a Viru Viru en un centro de conexión internacional. “No podemos improvisar y que aparezcan empresas sin ninguna experiencia. Al ser un proyecto tan grande, vamos a cuidar cada detalle para que sea lo mejor para los bolivianos y, sobre todo, para que la empresa que venga realmente tenga la experiencia de traernos toda esa hiperconexión que necesitamos para este hub ”, remarcó. El ministro explicó que el proceso de calificación contará con el apoyo de consultores extranjeros con experiencia y anticipó que el Gobierno prevé suscribir este año el contrato con la empresa que resulte adjudicataria. Zamora aclaró que el proyecto no implica una privatización y explicó que se trata de una prestación de servicios. En ese sentido, señaló que la empresa estatal Navegación Aérea y Aeropuertos Bolivianos (Naabol), que administra todos los aeropuertos de Bolivia mantendrá la propiedad del de Viru Viru y estará a cargo de la contratación. “No se trata de una privatización, esto es una prestación de servicios. Naabol sigue encargada de la propiedad del aeropuerto, va a ser la encargada de esta contratación y en un plazo no mayor a 30 días se lanza ya la convocatoria en base a esta reglamentación”, afirmó. Según explicó, la empresa adjudicataria invertirá en los primeros tres años hasta 250 millones de dólares y, hasta la conclusión del contrato, la inversión superaría los 400 millones de dólares. Los montos finales serán definidos en el reglamento. El objetivo del proyecto es fortalecer la infraestructura aeroportuaria y ampliar la conectividad internacional de Bolivia, con impacto en la economía de Santa Cruz y del país. “Este proyecto no solo es tener una nueva terminal o ir generando los cambios de infraestructura. La empresa que gane este proyecto nos tiene que traer líneas aéreas, conectividad con el mundo”, afirmó el presidente Rodrigo Paz. “Lo importante es que nos conecten, que nos pongan en el mundo. Bolivia en el mundo y el mundo en Bolivia”, remarcó.",Los Tiempos,2026-10-01T20:48:53-04:00,https://www.lostiempos.com/actualidad/economia/20261001/firmas-extranjeras-estan-interesadas-invertir-hub-viru-viru,3,newspaper,Cochabamba,national,0.7,2026-10-02T15:50:32.122771+00:00,3,favorable,0.9999,Transformer financiero en español,False,neutral,0.9247,favorable,0.9999,2,"Política fiscal, gestión pública y sistema financiero",0.9647,"[""CAF""]","[""tipo de cambio""]",45,moderado,{},"{""expansión"": 1}",2026-10-02T00:48:53Z,2026-10-02T15:50:32Z,2026-10-02T00:48:53Z,62.11,published,True,recent,evt-478068c8e630,1
5742e85ff21ba74c2ba4,CAF aprueba crédito de $us 224 millones para carreteras de Bolivia,"CAF- banco de desarrollo de América Latina y el Caribe, aprobó un préstamo por 224 millones de dólares a favor de Bolivia para financiar el Programa Nacional de Obras Viales. Se trata de una iniciativa estratégica para reactivar y concluir una cartera de proyectos de la Red Vial Fundamental (RVF) que ya contaban con financiamiento de CAF. La operación fue aprobada en el marco de la Reunión del Directorio de CAF y será ejecutada por la Administradora Boliviana de Carreteras (ABC), informa una nota de prensa de esa entidad financiera internacional. La RVF es el eje estructural del transporte terrestre boliviano, ya que por ella circula más del 80% de la carga nacional. En los últimos años, una coyuntura macroeconómica desafiante encareció los materiales de construcción, los insumos y los combustibles. El Programa aprobado ofrece una respuesta concreta a este escenario, con una estructura flexible que permitirá destinar los recursos donde sean más necesarios para completar la ejecución de cada proyecto. El objetivo del Programa es viabilizar la conclusión y puesta en servicio los proyectos que integran esta cartera mediante recursos complementarios. Estos fondos permitirán cubrir los mayores costos y recursos de contrapartida local en los casos en que sea necesario, sin modificar los alcances técnicos de los proyectos originales. De este modo, la operación resguarda las inversiones ya realizadas y asegura que los beneficios previstos lleguen a la población. Con este aporte, CAF contribuye a movilizar una cartera vial de más de 1.200 millones de dólares en el país. “Bolivia tiene en su red vial una de sus principales herramientas para integrarse, producir y competir. Con este programa, CAF reafirma su compromiso de acompañar al país en un momento desafiante, para que las obras que ya están en marcha lleguen a destino y millones de bolivianas y bolivianos cuenten con mejores caminos, más oportunidades y una conexión más fluida con la región”, afirmó Sergio Díaz-Granados, presidente ejecutivo de CAF. El programa alcanzará a 3.862.055 beneficiarios directos en los departamentos de La Paz, Oruro, Pando, Cochabamba, Potosí, Santa Cruz y Chuquisaca. Entre las intervenciones se encuentran la doble vía Santa Cruz - Warnes, el tramo Oruro - Challapata, la carretera Escoma–Pacobamba, el tramo Uyuni - Hito LX y el programa Puentes de Integración, entre otros. La puesta en servicio de 469 km de vías facilitará el acceso de la población a servicios de salud y educación, impulsará la seguridad alimentaria y reducirá de manera significativa los tiempos y costos de viaje. Además, vinculará zonas con alto potencial agrícola, turístico y logístico con los principales corredores de integración nacional y regional. La aprobación se enmarca en la Estrategia País CAF Bolivia 2025-2030 y en su pilar “Integración, producción y competitividad”, que busca posicionar a Bolivia como una plataforma de conexión bioceánica. De esta manera, CAF consolida su rol como principal socio estratégico del país en infraestructura vial, con más de USD 1.000 millones aprobados en el sector.",Los Tiempos,2026-10-01T18:17:16-04:00,https://www.lostiempos.com/actualidad/economia/20261001/caf-aprueba-credito-us-224-millones-carreteras-bolivia,7,newspaper,Cochabamba,national,0.7,2026-10-04T14:51:03.559130+00:00,6,neutral,1.0,Transformer financiero en español,True,neutral,0.5321,neutral,1.0,2,"Política fiscal, gestión pública y sistema financiero",0.5076,"[""CAF""]","[""tipo de cambio"", ""combustibles"", ""sistema financiero""]",50,moderado,{},{},2026-10-01T22:17:16Z,2026-10-04T14:51:03Z,2026-10-01T22:17:16Z,64.63,published,True,recent,evt-99a66f809c2a,3
297fa74bd755b3e2fb53,CAF aprueba $us 224 MM para reactivar obras viales en el país,"El Banco de Desarrollo de América Latina y el Caribe ( CAF ) aprobó un préstamo de $us 224 millones para Bolivia destinado a financiar el Programa Nacional de Obras Viales. Con estos recursos, el Gobierno apunta a reactivar y concluir proyectos de la Red Vial Fundamental (RVF) que ya contaban con financiamiento del organismo. La operación, que se aprobó durante la reunión del Directorio de CAF, estará a cargo de la Administradora Boliviana de Carreteras (ABC) y permitirá cubrir mayores costos y requerimientos de contraparte local que surgieron durante la ejecución de las obras, sin modificar sus alcances técnicos originales. Con este financiamiento, CAF prevé movilizar una cartera de proyectos viales que supera los $us 1.200 millones en Bolivia y apunta a poner en servicio 469 kilómetros de carreteras en siete departamentos. El programa beneficiará directamente a 3.862.055 personas de La Paz, Oruro, Pando, Cochabamba, Potosí, Santa Cruz y Chuquisaca, según la entidad financiera. Lea: CAF y expertos internacionales acompañarán licitación de HUB Viru Viru Entre los proyectos figuran la doble vía Santa Cruz–Warnes , el tramo Oruro–Challapata , la carretera Escoma–Pacobamba , el tramo Uyuni–Hito LX y el programa Puentes de Integración , entre otras intervenciones de la Red Vial Fundamental. CAF explicó que los recursos permitirán completar proyectos que enfrentaron un incremento en los costos de materiales, insumos y combustibles debido al contexto macroeconómico de los últimos años. La RVF constituye la principal estructura del transporte terrestre del país y moviliza más del 80% de la carga nacional . Por ello, la conclusión de las obras busca reducir tiempos y costos de transporte y mejorar la conexión entre zonas productivas y los principales corredores de integración nacional y regional. El programa también apunta a facilitar el acceso de la población a servicios de salud y educación , fortalecer la seguridad alimentaria y conectar regiones con potencial agrícola, turístico y logístico. “Bolivia tiene en su red vial una de sus principales herramientas para integrarse, producir y competir. Con este programa, CAF reafirma su compromiso de acompañar al país en un momento desafiante, para que las obras que ya están en marcha lleguen a destino y millones de bolivianas y bolivianos cuenten con mejores caminos, más oportunidades y una conexión más fluida con la región”, afirmó Sergio Díaz-Granados , presidente ejecutivo de CAF. La aprobación del préstamo forma parte de la Estrategia País CAF Bolivia 2025-2030 , que incorpora como uno de sus pilares la “Integración, producción y competitividad”. En ese marco, el organismo financiero plantea apoyar la consolidación de Bolivia como una plataforma de conexión bioceánica y fortalecer la infraestructura necesaria para integrar los mercados nacionales con los corredores regionales. Con esta nueva operación, CAF eleva a más de $us 1.000 millones los recursos aprobados para infraestructura vial en Bolivia, lo que consolida su participación en el financiamiento de proyectos de la Red Vial Fundamental.",La Razón,2026-10-01T20:32:23+00:00,https://larazon.bo/economia-y-empresa/2026/10/01/caf-aprueba-us-224-mm-para-reactivar-obras-viales-en-el-pais,6,newspaper,La Paz,national,0.7,2026-10-02T15:50:29.276743+00:00,4,favorable,0.9998,Transformer financiero en español,True,favorable,0.5111,favorable,0.9998,2,"Política fiscal, gestión pública y sistema financiero",0.5857,"[""CAF""]","[""combustibles"", ""sistema financiero""]",50,moderado,{},{},2026-10-01T20:32:23Z,2026-10-02T15:50:29Z,2026-10-01T20:32:23Z,66.38,published,True,recent,evt-99a66f809c2a,3
a43c289b9da8c22829f9,Seis delegaciones internacionales expanden el intercambio comercial y bilateral,"Comercio. Delegaciones de Argentina, México y Egipto impulsaron en Expocruz alianzas estratégicas orientadas a la innovación, la tecnología y el desarrollo bilateral. Argentina reafirmó su compromiso comercial en Fexpocruz tras cumplir más de 30 años de participación ininterrumpida. La delegación, encabezada por el embajador Marcelo Massoni y la sección económica liderada por Franco Quiles, presentó una oferta orientada a la innovación tecnológica para mipymes. Destacó la presencia de desarrollo nacional como drones aplicados a la agricultura y minería, además de maquinaria agrícola y de panadería. La representación argentina impulsó la concreción rápida de acuerdos en la rueda de negocios, abriendo un abanico de oportunidades en el mercado local. “La presencia ininterrumpida de Argentina durante treinta y un años en Fexpocruz representa un orgullo y una gran oportunidad para nuestras pymes” Marcelo Massoni En este escenario de transformaciones, la presencia de diversas provincias argentinas permitió dinamizar las intenciones de negocio y articular encadenamientos productivos con el empresariado boliviano. La incorporación de tecnologías de última generación, aplicadas a sectores estratégicos como la minería, el agro y la imagenología, demostró el salto cualitativo de una industria adaptada a la demanda regional. Durante las mesas de trabajo, los representantes diplomáticos destacaron que la vitrina ferial cruceña se consolida como la plataforma por excelencia para el primer desembarco internacional de sus pequeñas y medianas empresas, abriendo un horizonte de oportunidades comerciales de alto valor. Además, proyectan consolidar alianzas bilaterales de inversión privada sostenibles para este próximo año. México remarcó la calidad de sus relaciones comerciales con Bolivia durante su participación en Fexpocruz, respaldado por una trayectoria diplomática ininterrumpida de 193 años. El embajador Eduardo Sosa Cuevas destacó el interés de las firmas mexicanas en profundizar su presencia en el mercado nacional y la necesidad de modernizar el Acuerdo de Complementación Económica vigente. En el ámbito de la innovación tecnológica y la sostenibilidad, la firma Teletec consolidó su operación en el país con la apertura de su estand propio enfocado en eficiencia energética. Asimismo, la Cámara Mexicana Boliviana de Comercio promovió oportunidades de inversión y oferta académica binacional. La Embajada de Panamá presentó en Expocruz 2026 una plataforma comercial orientada a vincular al sector productivo nacional con Centroamérica y el Caribe. El embajador de Pánama en Bolivia, Julio Luque Ferro destacó la posición logística de su país como un puente estratégico para impulsar la oferta exportable boliviana, priorizando el rubro agropecuario. Luque ponderó la calidad ganadera local y los envíos de carne ya concretados hacia la región, además de anunciar mecanismos que facilitarán la reexportación hacia otros continentes. “Bolivia no solo debe llegar a Centroamérica; su potencial le permite alcanzar todo el mundo”. Julio Luque, embajador de Panamá La propuesta aprovecha la infraestructura marítima, financiera y de servicios del país centroamericano. A través de dinámicas de matchmaking B2B, la herramienta permite identificar demandas concretas y posicionar productos locales en destinos no tradicionales, ofreciendo una vía eficiente de tránsito e integración comercial. Bajo el lema “Panamá, anfitrión del mundo”, la legación diplomática busca institucionalizar un esquema permanente de articulación privada. Esta estrategia conecta a Bolivia con el mercado global transformando la competitividad en negocios tangibles de alto impacto, abriendo valiosas oportunidades de inversión y desarrollo sostenible que se terminarán de viabilizar con la firma formal de los convenios bilaterales programada para octubre. “Bolivia no solo debe llegar a Centroamérica; su potencial le permite alcanzar todo el mundo”. Julio Luque, embajador de Panamá El consulado de Brasil en Bolivia, anunció la realización del Tercer Foro de Innovación en Santa Cruz de la Sierra, programado para el 4 de noviembre de 2026 en el marco del programa Diplomacia de la Innovación. Carlos Leopoldo Oliveira, cónsul adjunto de Brasil en Bolivia, explicó que el encuentro articulará ecosistemas internacionales de startups y economía del conocimiento con delegaciones de al menos cinco países. El evento coincidirá con la conferencia anual de la Alianza Latinoamericana de Startups y contemplará visitas de inversores a universidades y hubs locales, promoviendo la creación de un corredor de innovación dentro del Mercosur. La Cámara de Comercio de la India concretó su segunda participación consecutiva en Expocruz y una instructiva gubernamental para intensificar inversiones en la región. Roberto García, representante del organismo empresarial, destacó la presentación de innovaciones en equipos de vigilancia fronteriza, patentes de seguridad empresarial y soluciones médicas. En el ámbito de la salud, firmas de la India expusieron fármacos, insumos para laboratorios y catálogos especializados apuntando a participar en licitaciones públicas para la construcción y equipamiento de infraestructura hospitalaria de segundo y tercer nivel en departamentos como La Paz y Tarija. En el siguiente enlace puedes ver la Edición #68, que presenta el siguiente contenido de valor en negocios y finanzas: https://www.calameo.com/read/006889564a4be1e52aad0",Economy,2026-10-01T15:53:40-04:00,https://www.economy.com.bo/articulo/business/seis-delegaciones-internacionales-expanden-intercambio-comercial-bilateral/20261001155340024258.html,8,business,Santa Cruz,national,0.85,2026-10-04T14:50:58.581940+00:00,4,favorable,0.9999,Transformer financiero en español,True,favorable,0.6399,favorable,0.9999,0,"Sector productivo, automotor y actividad empresarial",0.8936,[],"[""exportaciones""]",50,moderado,{},{},2026-10-01T19:53:40Z,2026-10-04T14:50:58Z,2026-10-01T19:53:40Z,67.03,published,True,recent,evt-f7990a2248dd,1
ae20bd37c246afd6e029,Cámara de Comercio de La Paz plantea cuatro medidas al Gobierno ante amenazas de movilizaciones,"Ante la situación económica que atraviesa el país, la Cámara departamental de Comercio de La Paz emitió este miércoles un pronunciamiento en el que pide a las autoridades de Gobierno garantizar la libre transitabilidad de las carreteras, ante las amenazas de movilización anunciadas por distintos sectores. José Reyes, presidente de este sector empresarial , expresó su preocupación por las posibles manifestaciones contra el Gobierno. MIRA AQUÍ: Cooperativistas mineros exigen abrogación del decreto del diésel, renuncia de dos ministros y se declaran en movilización El sector plantea cuatro medidas para que sean consideradas por las autoridades: 1. Garantizar la transitabilidad “Pedimos al Gobierno un plan de contingencia que mantenga los corredores para abastecer de medicamentos y alimentos”, señala el primer punto 2. Prevenir que los conflictos lleguen a las carreteras El sector plantea atender los reclamos antes de que se conviertan en bloqueos. “El diálogo que llega después del bloqueo es tarde” 3. Garantizar el abastecimiento de combustibles “Pedimos al Gobierno asegurar el abastecimiento de gasolina y diésel”. MIRA AQUÍ: “Nos damos el lujo de no usar la capacidad ociosa de las refinerías”, cuestiona experto sobre política de combustibles 4. Reactivar la economía de La Paz “El comercio necesita reactivar lo que ha perdido. Pedimos al Gobierno eliminar las trabas a la exportación”.",Unitel,,https://unitel.bo/noticias/economia/camara-de-comercio-de-la-paz-plantea-cuatro-medidas-al-gobierno-ante-amenazas-de-movilizaciones-LL23826195,5,television,Santa Cruz,national,0.7,2026-10-01T16:30:16.342910+00:00,6,desfavorable,0.9959,Transformer financiero en español,False,neutral,0.5213,desfavorable,0.9959,3,"Precios, alimentos y servicios básicos",0.3804,[],"[""combustibles"", ""exportaciones"", ""empleo""]",56,moderado,"{""bloqueo"": 1}",{},,2026-10-01T16:30:16Z,2026-10-01T16:30:16Z,70.42,inferred_collected,True,recent,evt-44f0d9948449,1
94b18755df65d2c1c986,"“Por el momento, la subvención a la gasolina se mantiene”, dice ministro de Hidrocarburos","El ministro de Hidrocarburos, Marcelo Blanco, escribió en redes sociales, donde aseguró que la subvención a la gasolina se mantiene por el momento, y señaló que se busca recuperar la continuidad del abastecimiento de carburante. “Quiero dar tranquilidad a la población: por el momento, la subvención a la gasolina se mantiene . Nuestra prioridad es recuperar la continuidad del abastecimiento y avanzar progresivamente hacia una provisión normal de combustible ”, anunció por redes sociales Blanco. Además, manifestó que tras llegar a un acuerdo con los cisterneros, la distribución de combustible se normalizará en los próximos días. MIRA AQUÍ: Cooperativistas mineros exigen abrogación del decreto del diésel, renuncia de dos ministros y se declaran en movilización “Es un tema que han negociado los cisterneros locales, porque con los internacionales hemos negociado nosotros, y han negociado Yacimientos y la refinería, y han tardado en la negociación, es por eso que había una demora , pero ya han cerrado ayer (martes) la firma de los acuerdos, ya se tiene que empezar a restituir normalmente el combustible”, indicó el ministro Mientras tanto, el vicepresidente Nacional de Operaciones de YPFB, Víctor Hugo Blacud, explicó que la interrupción de ese transporte había afectado el abastecimiento. Campetrol, q ue agrupa a unas 47 empresas, se comprometió a movilizar sus unidades para reanudar el traslado de combustibles como parte del acuerdo, contemplando también avanzar en la contratación de una empresa especializada que realice un estudio de costos del sector del transporte. MIRA AQUÍ: Asosur: “Se está restableciendo el normal abastecimiento” de gasolina en Santa Cruz tras días de filas",Unitel,,https://unitel.bo/noticias/economia/por-el-momento-la-subvencion-a-la-gasolina-se-mantiene-dice-ministro-de-hidrocarburos-CL23826253,7,television,Santa Cruz,national,0.7,2026-10-01T16:30:16.250537+00:00,6,favorable,0.999,Transformer financiero en español,False,neutral,0.7636,favorable,0.999,5,"Comercio exterior, desarrollo y empresas",0.6687,"[""YPFB""]","[""combustibles"", ""hidrocarburos""]",53,moderado,"{""demora"": 1}",{},,2026-10-01T16:30:16Z,2026-10-01T16:30:16Z,70.42,inferred_collected,True,recent,evt-ec09acb0801a,2
d5c1da457da97c1ad56f,Ministerio de Economía: Moody’s elevó la calificación soberana de Bolivia de Caa3 a Caa2,"Desde el Ministerio de Economía resaltaron que la firma internacional Moody’s Ratings “elevó la calificación soberana de Bolivia de Caa3 a Caa2 y mantuvo la perspectiva positiva”. Según los antecedentes, esta es la segunda mejora otorgada al país por esta calificadora internacional en menos de un año, tomando en cuenta que en el primer trimestre del presente año Bolivia pasó de Ca a Caa3. “La nueva calificación refleja una reducción material del riesgo crediticio y destaca entre los factores que sustentan su decisión el manejo de las obligaciones externas, el retorno de Bolivia a los mercados internacionales, el avance hacia nuevas fuentes de financiamiento, la transición hacia un régimen cambiario flexible y las medidas de consolidación fiscal”, reza el reporte ministerial. MIRA AQUÍ: Fitch Ratings: Bolivia necesita complementar el nuevo régimen cambiario con ajustes fiscales para recuperar reservas Entre estos avances citados por el Ministerio de Economía se encuentra el retorno del país a los mercados internacionales con la emisión de $us 1.000 millones en bonos, el avance hacia un programa de aproximadamente $us 1.900 millones con el Fondo Monetario Internacional. Las Reservas Internacionales brutas alcanzaron $us 4.290 millones en agosto, mientras que su componente en divisas aumentó de $us 148 millones en marzo a $us 745 millones. “Estos avances se acompañan de otros indicadores. A septiembre de 2026, el riesgo país se ubicó por debajo de los 500 puntos básicos, con 454 puntos frente a los 1.214 registrados en noviembre de 2025”, agrega el reporte ministerial. La mejora de Moody’s se suma a las decisiones adoptadas durante 2026 por las otras principales calificadoras internacionales: por ejemplo, Fitch Ratings elevó la calificación de Bolivia de CCC- a CCC, mientras que S&P Global Ratings la mejoró de CCC- a CCC+, en este último caso en dos niveles. “Además, Moody’s mantiene una perspectiva positiva , al considerar que la continuidad de las políticas implementadas puede contribuir a seguir reduciendo los desequilibrios fiscales y externos y fortalecer la acumulación de reservas”, señalaron desde la cartera de Economía. MIRA AQUÍ: Gobierno elimina la subvención a la gasolina de aviación y ahora se venderá a precio de mercado",Unitel,,https://unitel.bo/noticias/economia/ministerio-de-economia-moody-s-elevo-la-calificacion-soberana-de-bolivia-de-caa3-a-caa2-IL23828365,5,television,Santa Cruz,national,0.7,2026-10-01T16:30:16.067961+00:00,4,favorable,0.9999,Transformer financiero en español,False,neutral,0.4698,favorable,0.9999,3,"Precios, alimentos y servicios básicos",0.8135,"[""MEFP"", ""FMI""]","[""tipo de cambio"", ""reservas internacionales"", ""combustibles"", ""sistema financiero""]",50,moderado,"{""riesgo"": 2}","{""mejora"": 2}",,2026-10-01T16:30:16Z,2026-10-01T16:30:16Z,70.42,inferred_collected,True,recent,evt-5fd6814ef3e2,1
005254f60e4b864ee175,Transporte pesado reporta que solo el 30% de su sector opera debido al diésel y el dólar,"El dirigente del transporte pesado de Bolivia, Pedro Quispe, informó este miércoles que, debido a la falta de diésel y a la cotización del dólar, solo el 30% de la flota de camiones de transporte de carga opera con normalidad, mientras que el resto se encuentra paralizado. “No está trabajando el 70%, solo el 30% está viajando. El problema, uno es el diésel y otro es el dólar. El dólar es inestable, por eso la carga de importación ha bajado totalmente”, informó Quispe a UNITEL. MIRA AQUÍ: ¿Desvío de gasolina en Potosí? Anuncian la destitución del responsable de YPFB en medio de la crisis de combustibles En relación con las filas por combustible registradas este miércoles en el eje central del país, Quispe atribuyó esta situación a la disminución en la importación de carburantes. “ En este momento la importación de gasolina ha bajado y esto se ve en las filas en todo el país”, sostuvo. El dirigente dijo que el transporte pesado tiene problemas desde hace semanas atrás debido a la falta de diésel y a las variaciones en la cotización del dólar. Quispe dijo que esto afecta sus operaciones y el movimiento de carga. MIRA AQUÍ: Comerciantes reportan incremento de hasta un 20% en algunos artículos de limpieza en La Paz por el dólar y el diésel A esto se suman las filas en las estaciones de servicio por gasolina y diésel. Esta situación está generando preocupación entre los transportistas y otros sectores productores.",Unitel,,https://unitel.bo/noticias/economia/transporte-pesado-reporta-que-solo-el-30-de-su-sector-opera-debido-al-diesel-y-el-dolar-EK23830433,6,television,Santa Cruz,national,0.7,2026-10-01T16:30:15.787244+00:00,7,desfavorable,0.9999,Transformer financiero en español,True,desfavorable,0.6263,desfavorable,0.9999,4,"Producción, inversión y régimen cambiario",0.7834,"[""YPFB""]","[""tipo de cambio"", ""combustibles"", ""importaciones"", ""empleo""]",66,alto,"{""crisis"": 1, ""falta"": 2}",{},,2026-10-01T16:30:15Z,2026-10-01T16:30:15Z,70.42,inferred_collected,True,recent,evt-dc98df72179f,1
827fa02acf214d6c6b42,"En medio de las filas por gasolina, las distribuidoras de gas ratifican que no saldrán a las calles desde este jueves","Las distribuidas de gas en garrafa no saldrán a las calles desde este jueves, así lo ratificaron este miércoles por la noche. Señalan que el acuerdo que anunció este miércoles YPFB es con una parte de la cadena de distribución de gas, pero no son los que hacen llegar este insumo hasta los hogares. “Nosotros no tenemos el ánimo de hacer bloqueos ni movilizaciones, no queremos actuar de manera intransigente. Lo que nosotros vamos a hacer el día de mañana es no distribuir (gas) porque no nos da el dinero ”, manifestó Fernando Segovia, representante de la Cámara Nacional de Distribuidores de Gas. MIRA AQUÍ: YPFB firma acuerdo con un sector del transporte de GLP para subir la tarifa del flete Sobre el acuerdo que anunció el Gobierno, Segovia señala que existe un sector que transporta el gas desde las plantas de extracción de YPFB hasta las envasadoras y con ellas es que el Gobierno logró negociaciones que llegaron a buen puerto. Sin embargo, existen otro sector que es el encargado de transportar las garrafas con gas desde las envasadoras hasta los barrios y con ellos no se ha llegó a ninguna negociación y por ello paralizarán sus actividades a partir de este jueves. El dirigente señala que enviaron una carta al Gobierno; sin embargo, les respondieron que “no es verdad lo que dicen”. “Lastimosamente, no se ha dado una negociación con el Gobierno para poder decir este es el punto medio o algo así. Y por eso es que las empresas han dicho: Ya no podemos perder más dinero por día”, manifestó Segovia. MIRA AQUÍ: “Por el momento, la subvención a la gasolina se mantiene”, dice ministro de Hidrocarburos Desde el fin de semana comenzaron a registrarse filas por gasolina en diferentes surtidores del país, situación que comenzó a agudizarse desde el lunes. El ministro de Hidrocarburos, Marcelo Blanco, manifestó que se registraron problemas logísticos que se están subsanando para restablecer el abastecimiento de este combustible.",Unitel,,https://unitel.bo/noticias/economia/en-medio-de-las-filas-por-gasolina-las-distribuidoras-de-gas-ratifican-que-no-saldran-a-las-calles-desde-este-jueves-BK23830753,6,television,Santa Cruz,national,0.7,2026-10-01T16:30:15.878965+00:00,4,neutral,1.0,Transformer financiero en español,True,neutral,0.8409,neutral,1.0,4,"Producción, inversión y régimen cambiario",0.6434,"[""YPFB""]","[""combustibles"", ""hidrocarburos""]",50,moderado,{},{},,2026-10-01T16:30:15Z,2026-10-01T16:30:15Z,70.42,inferred_collected,True,recent,evt-2fec5709c4a9,1
d5e82ffc41b1ee5441bc,Cisternas esperan descargar en Palmasola mientras falta gasolina en Santa Cruz,"La falta de gasolina en Santa Cruz v uelve a poner el foco en la logística de distribución. Mientras conductores reportan dificultades para encontrar el combustible en las estaciones de servicio, el presidente de la Federación de Cisterneros, Sergio Kosky, afirmó que existen cisternas en la refinería de Palmasola que estarían esperando para descargar. “Hay varias unidades en la refinería de Palmasola. Entiendo que tienen algunos días de demora en descargar”, señaló Kosky durante una entrevista. El dirigente no precisó cuántas cisternas se encuentran actualmente en la planta ni identificó la causa de la demora. También aclaró que su información se limita al transporte y que la decisión sobre la descarga corresponde a las autoridades de Yacimientos Petrolíferos Fiscales Bolivianos (YPFB) y del área de hidrocarburos. “ Creo que sería adecuado que los ejecutivos y las autoridades competentes den la orden inmediata de que se descarguen esas unidades que puedan entrar a planta y salir hacia los surtidores”, sostuvo. La declaración se produce después de que el abastecimiento de gasolina se hubiera normalizado parcialmente durante algunos días en Santa Cruz. Según el relato de Kosky, la situación cambió en las últimas jornadas y actualmente el problema se concentra nuevamente en la gasolina, mientras existe una mayor disponibilidad de diésel. La situación genera una interrogante sobre el punto en el que se encuentra actualmente el problema de abastecimiento: si existe combustible disponible en las plantas, pero existen demoras para su descarga y distribución, o si también persisten dificultades para contar con producto suficiente. Kosky evitó atribuir directamente la escasez a la demora de las cisternas. “No sé cuántos habrá ahora” , afirmó al recordar que en anteriores episodios llegaron a registrarse entre 500 y 600 cisternas esperando en las inmediaciones de Palmasola. El dirigente explicó que el transporte es un eslabón fundamental de la cadena de abastecimiento, debido a que las cisternas trasladan los combustibles desde los puntos de importación y las plantas hacia las estaciones de servicio. En ese contexto, advirtió que cualquier problema que afecte la operación de la flota puede repercutir directamente en la disponibilidad de combustibles. Kosky señaló que Bolivia cuenta con unas 7.000 unidades dedicadas al transporte de gasolina y diésel y rechazó la posibilidad de que una eventual falta de capacidad pueda resolverse rápidamente recurriendo a camiones extranjeros. Según explicó, el transporte internacional está sujeto a regulaciones y los costos de las empresas extranjeras también son superiores a los de la flota boliviana. Cisterneros negocian nuevos costos La situación de abastecimiento coincide con las negociaciones que mantiene el sector cisternero con el Gobierno para actualizar los costos de transporte después del incremento del precio del diésel. Kosky afirmó que los contratos fueron establecidos bajo una estructura de costos distinta, cuando el diésel tenía un precio inferior y el tipo de cambio de referencia era de Bs 6,96 por dólar. Actualmente, según el dirigente, el costo del combustible y los gastos que los transportistas realizan en países vecinos elevaron de manera significativa el costo operativo. Gobierno y cisterneros acordaron recurrir a una consultora externa para determinar el nuevo nivel de los fletes. Mientras se realiza ese cálculo, el sector continuará operando. El dirigente sostuvo que la actualización es necesaria para evitar una paralización de la flota. “Si los camiones cisternas no circulan, no hay combustible”, afirmó.",El Deber,,https://eldeber.com.bo/economia/cisternas-esperan-descargar-palmasola-mientras-falta-gasolina-santa-cruz_1790786908,12,newspaper,Santa Cruz,national,0.7,2026-10-01T16:29:43.638243+00:00,8,neutral,1.0,Transformer financiero en español,True,neutral,0.7512,neutral,1.0,4,"Producción, inversión y régimen cambiario",0.6617,"[""YPFB""]","[""tipo de cambio"", ""combustibles"", ""importaciones"", ""hidrocarburos""]",79,crítico,"{""escasez"": 1, ""falta"": 3, ""demora"": 3}",{},,2026-10-01T16:29:43Z,2026-10-01T16:29:43Z,70.42,inferred_collected,True,recent,evt-4fb8990f628b,1
da5ef7551801af8adbb3,Incineración de madera retenida en Chile deja pérdidas de hasta $us 15 millones a empresas bolivianas,"La incineración de parte de la madera boliviana retenida en Chile por el caso de supuestas 'narcomaderas', genera nuevas críticas del sector forestal y pone en el centro de la controversia el impacto económico sobre las empresas exportadoras. Y abre la puerta a conflicto diplomático. Pedro Colanzi, representante del sector forestal, afirmó este miércoles que las empresas involucradas acumulan pérdidas de entre $us 10 y 15 millones como consecuencia de la retención de sus cargamentos y de la paralización de sus operaciones comerciales. “Se está quemando el esfuerzo de miles y miles de trabajadores bolivianos”, afirmó durante una conferencia de prensa en la que cuestionó la destrucción de la madera. El dirigente sostuvo que el daño no se limita al valor de los cargamentos retenidos. También existe un impacto sobre la actividad de las empresas, sus trabajadores y la imagen internacional de las exportaciones forestales bolivianas. “El precio que se le puede poner a la reputación del sector no se puede medir”, señaló. La destrucción de la madera comenzó el 3 de septiembre, cuando fue incinerado un primer contenedor en Arica. El procedimiento continuó el 11 de septiembre, cuando otros cinco contenedores fueron sometidos a incineración. En total, seis contenedores fueron destruidos durante esas dos jornadas, según reportes desde Chile. La secuencia adquirió mayor relevancia después de que la Fiscalía Regional de Arica solicitara el 21 de septiembre suspender nuevos procesos de destrucción, mientras se atendían diligencias relacionadas con las cargas incautadas. Este miércoles, una comisión investigadora del Senado boliviano que se encuentra en Chile denunció que observó nuevamente movimiento de madera hacia la zona de incineración. Colanzi cuestionó que la destrucción haya ocurrido mientras los parlamentarios bolivianos realizaban su trabajo de investigación. “Estaba la comisión del Senado que investiga el tema de las maderas y se procedió a quemar”, afirmó. La disputa económica está vinculada directamente con la controversia sobre los análisis realizados a la madera. Colanzi sostuvo que, después de más de cuatro meses de investigación, todavía no se ha establecido cómo las sustancias detectadas habrían sido introducidas en las piezas de madera. “Han pasado cuatro meses y no han demostrado cómo se introdujo la sustancia ilícita en la madera y, peor, cómo se la puede extraer de la madera”, manifestó. El representante forestal afirmó que los análisis conocidos hasta ahora identificaron trazas de diferentes sustancias, pero sostuvo que ello no demuestra que la madera haya sido deliberadamente impregnada con droga. “Las pruebas no muestran impregnación”, aseguró. La Fiscalía chilena mantiene una posición diferente y sostiene que los análisis realizados durante la investigación confirmaron la presencia de sustancias ilícitas en las cargas. Las empresas investigadas contrataron a expertos con experiencia en la Administración de Control de Drogas de Estados Unidos (DEA) para revisar los antecedentes científicos del caso. Colanzi mencionó los informes elaborados por Scott Richard Oulton, especialista en química forense y exfuncionario de la DEA, y James Craig Kuykendall, también exagente de esa institución y exjefe de la DEA en Chile. Según la posición expuesta por el sector forestal, esos informes cuestionan que los resultados obtenidos permitan demostrar una impregnación deliberada de droga en madera dura. Se trata, sin embargo, de peritajes contratados por las empresas investigadas, por lo que sus conclusiones forman parte de la controversia y no sustituyen los análisis oficiales de las autoridades chilenas. Uno de los principales cuestionamientos del sector es que la destrucción de los cargamentos limita la posibilidad de realizar nuevos análisis independientes. “ Están quemando la evidencia que liberaba al sector forestal de este caso”, sostuvo Colanzi. La Cámara Forestal de Bolivia también ha pedido que las cargas sean preservadas para permitir nuevas pericias y determinar con precisión la naturaleza, concentración y origen de las sustancias detectadas. El sector plantea además que Bolivia y Chile establezcan procedimientos específicos para la inspección de productos forestales, la toma de muestras y la cadena de custodia cuando existan sospechas sobre una carga de exportación. Colanzi considera que las consecuencias del caso pueden trascender a las 23 empresas vinculadas a la investigación. Calificó la situación como un “ precedente funesto ” para el comercio exterior boliviano y advirtió que otros sectores podrían enfrentar dificultades similares al utilizar puertos chilenos. “ Ahora es el sector forestal; después puede ser el sector soyero, los mineros, el sector de carnes o cualquier otro sector que exporta por los puertos de Arica ”, afirmó. El dirigente sostuvo que la afectación también alcanza a trabajadores que dependen de la actividad forestal y a las empresas que forman parte de la cadena productiva. Según sus declaraciones, el sector habría dejado de generar alrededor de $us 35 millones como consecuencia de la crisis. Esta cifra corresponde a una estimación presentada por Colanzi durante la conferencia y deberá ser contrastada con información sectorial antes de presentarse como un dato consolidado. “Se ha quemado el esfuerzo de miles de trabajadores del sector forestal en Bolivia”, insistió. El sector forestal reclama al Gobierno boliviano una respuesta ante las autoridades chilenas y acciones para proteger a las empresas exportadoras involucradas en el caso. Colanzi sostuvo que Bolivia debe defender los intereses de sus exportadores y buscar mecanismos que permitan preservar las pruebas mientras existan controversias sobre los resultados de los análisis. “Exigimos al Estado boliviano que tome acciones decididas para frenar este abuso”, afirmó. Mientras la Fiscalía chilena mantiene abierta la investigación, el sector forestal boliviano sostiene que la destrucción de las cargas dificulta la posibilidad de realizar nuevas pericias. La comisión del Senado boliviano que se encuentra en Chile deberá recabar información sobre las incautaciones, los análisis realizados y los procedimientos aplicados para la destrucción de la madera antes de emitir sus conclusiones.",El Deber,,https://eldeber.com.bo/economia/incineracion-madera-retenida-chile-deja-perdidas-us-15-millones-empresas-bolivianas_1790804809,7,newspaper,Santa Cruz,national,0.7,2026-10-01T16:29:43.171565+00:00,3,desfavorable,0.9999,Transformer financiero en español,False,neutral,0.779,desfavorable,0.9999,3,"Precios, alimentos y servicios básicos",0.76,[],"[""exportaciones""]",63,alto,"{""crisis"": 1, ""conflicto"": 1}",{},,2026-10-01T16:29:43Z,2026-10-01T16:29:43Z,70.42,inferred_collected,True,recent,evt-a5857b1ec51a,1
f304aa4380cddc1f7bca,YPFB detecta anomalías en la distribución de casi un millón de litros de gasolina y aleja a su gerente en Potosí,"La intervención de Yacimientos Petrolíferos Fiscales Bolivianos (YPFB) en Potosí detectó irregularidades en la distribución de 967.120 litros de gasolina, volumen que, según el informe preliminar presentado por la comisión interventora, equivale aproximadamente a tres días de abastecimiento del departamento. El hallazgo derivó en el alejamiento del gerente distrital de YPFB Potosí, mientras la estatal anunció el inicio de procesos administrativos para determinar responsabilidades. El interventor Sergio Hinojosa informó que la comisión identificó 107 casos en los que primero se despachó el combustible y posteriormente se emitió la factura, procedimiento que, según explicó, contraviene las normas internas de la empresa. “Se identificaron al menos 107 casos de facturación con fechas posteriores al despacho; es decir, primero se entregaba la gasolina y luego se emitía la factura”, explicó Hinojosa durante la presentación del informe a representantes de organizaciones sociales y sectores movilizados. El volumen equivale a tres días de abastecimiento De acuerdo con la comisión, los 967.120 litros observados estaban vinculados a asignaciones de combustible que no terminaron llegando de manera regular a los puntos de distribución previstos. Hinojosa señaló que ese volumen representa aproximadamente tres días de combustible para Potosí y relacionó la irregularidad con las filas registradas en los últimos días en las estaciones de servicio. “Eso significa aproximadamente tres días de combustible en Potosí, lo que ha generado las colas”, afirmó. El interventor indicó que la situación tendrá que ser corregida durante los siguientes días para recuperar el flujo normal de distribución. La comisión inició la revisión del circuito de despacho y facturación después de las protestas protagonizadas por el Comité Cívico Potosinista, la Central Obrera Departamental, transportistas y otros sectores, que exigieron explicaciones por la falta de gasolina en el departamento. Tras conocer los primeros resultados de la intervención, el presidente de YPFB determinó el alejamiento del gerente distrital de Potosí. Hinojosa confirmó la decisión y sostuvo que la evaluación realizada durante la intervención evidenció deficiencias en la gestión de la oficina regional. “Si existe muchas irregularidades en este distrito, ya nuestro presidente de YPFB ha tomado la determinación de apartar al distrital”, afirmó. La comisión también señaló que cuenta con autorización para iniciar los procesos administrativos correspondientes y que continuará revisando la documentación para establecer responsabilidades. “Este es un daño que se le ha hecho a Potosí”, manifestó Hinojosa. Control directo a la distribución Como medida inmediata, YPFB anunció un mayor control sobre la distribución de gasolina en el departamento. La estatal estableció que, a partir de ahora, se garantizará la entrega de 20.000 litros de gasolina por surtidor, con el objetivo de ordenar el abastecimiento y responder a la escasez registrada durante los últimos días. La medida busca evitar nuevas distorsiones en la asignación de los volúmenes y permitir que el combustible llegue a las estaciones de servicio destinadas a atender a la población. La comisión interventora continuará con la revisión de las operaciones de YPFB Distrital Potosí para determinar el destino de los volúmenes observados y establecer si las irregularidades detectadas derivaron únicamente en responsabilidades administrativas o si existen elementos para iniciar otras acciones.",El Deber,,https://eldeber.com.bo/economia/ypfb-detecta-anomalias-distribucion-casi-millon-litros-gasolina-aleja-gerente-potosi_1790789187,4,newspaper,Santa Cruz,national,0.7,2026-10-01T16:29:43.535656+00:00,3,desfavorable,0.9925,Transformer financiero en español,False,neutral,0.8873,desfavorable,0.9925,5,"Comercio exterior, desarrollo y empresas",0.9971,"[""YPFB""]","[""combustibles""]",62,alto,"{""escasez"": 1, ""falta"": 1}",{},,2026-10-01T16:29:43Z,2026-10-01T16:29:43Z,70.42,inferred_collected,True,recent,evt-fa468e1130a2,1
62486d0fc567db2258dd,Exigen estudio técnico antes de aumentar el pasaje y cuestionan las condiciones de los micros,"La concejal municipal Melissa Ramírez pidió que cualquier incremento del pasaje del transporte público en Santa Cruz de la Sierra sea definido sobre la base de un estudio técnico y no mediante una determinación unilateral de los transportistas. Durante una intervención ante representantes del sector, en una sesión del Concejo Municipal de Santa Cruz de la Sierra, Ramírez cuestionó además las condiciones en las que se presta actualmente el servicio y sostuvo que existen compromisos asumidos por los transportistas que todavía no se habrían cumplido. “Ante el incremento del pasaje tiene que haber un estudio técnico. No se puede hacer una subida así por así”, afirmó. La concejal puso como ejemplo la situación de los vecinos que viven en zonas alejadas del centro de la ciudad. Señaló que habitantes de los distritos 13, 14 y 8 deben utilizar varios vehículos para llegar a sus lugares de trabajo, colegios u otros destinos. “En los barrios más alejados se agarra mínimo, por día, cuatro micros, mínimo, a seis micros”, sostuvo. Según su explicación, un usuario que necesita dos o tres micros para llegar a un destino puede terminar realizando hasta seis viajes diarios considerando el retorno. Por ello, advirtió que cualquier aumento del pasaje tendría un impacto acumulativo para las familias que dependen del transporte público. Ramírez también trasladó el debate sobre el precio al estado de los vehículos. Afirmó que existen micros con problemas de mantenimiento y cuestionó que el sector plantee un incremento sin haber cumplido compromisos relacionados con la mejora del servicio. “Yo subo en los micros. ¿Y mire cómo están los micros? Miren las sillas, las ventanas no se abren. No hay mantenimiento”, reclamó. La concejal también mencionó la falta de cámaras de seguridad y otros compromisos que, según indicó, fueron incluidos en una ordenanza municipal de 2013. “Ya en la ordenanza del 2013, ustedes se comprometieron. ¿Dijeron que van a poner cámaras de seguridad?”, cuestionó durante su intervención. Ramírez sostuvo que la población reclama mejoras en el servicio antes de aceptar un incremento tarifario y pidió que los transportistas respondan por los compromisos asumidos. La concejal también cuestionó la advertencia de los transportistas de recurrir a un paro como medida de presión para conseguir el incremento del pasaje. “¿Cómo fue eso? Todo el pueblo cruceño a ustedes, estamos utilizando el servicio que ustedes dan, y ustedes nos castigan de esa forma”, afirmó. Para Ramírez, la discusión tarifaria debe pasar primero por una evaluación de los costos del transporte y de las condiciones en las que se presta el servicio. El pedido de la concejal se produce en medio de la intención del sector transportista de elevar las tarifas, en un contexto marcado por el incremento de los costos operativos y la presión generada por el precio de los combustibles.",El Deber,,https://eldeber.com.bo/economia/exigen-estudio-tecnico-antes-aumentar-pasaje-cuestionan-condiciones-micros_1790785174,3,newspaper,Santa Cruz,national,0.7,2026-10-01T16:29:43.730953+00:00,2,neutral,1.0,Transformer financiero en español,True,neutral,0.7097,neutral,1.0,4,"Producción, inversión y régimen cambiario",0.8008,[],"[""combustibles""]",58,moderado,"{""presión"": 2, ""falta"": 1}","{""mejora"": 1}",,2026-10-01T16:29:43Z,2026-10-01T16:29:43Z,70.42,inferred_collected,True,recent,evt-46550e1bab33,1
6e941c9139c74a872fb3,Aduana aplica arancel cero a la importación de gasolina de aviación hasta 2027,"La Aduana Nacional aplicará desde el 2 de octubre una alícuota de 0% al Gravamen Arancelario (GA) para la importación de Gasolina de Aviación Grado 100 (AvGas 100), como parte de las medidas adoptadas por el Gobierno para facilitar el abastecimiento de combustibles destinados al sector aeronáutico. La disposición está contemplada en el Decreto Supremo 5729 y tendrá vigencia hasta el 31 de diciembre de 2027. La norma establece además una alícuota de cero bolivianos por litro para el Impuesto Especial a los Hidrocarburos y sus Derivados (IEHD) durante el mismo periodo. Con ambas medidas, el Gobierno busca reducir la carga tributaria asociada a la importación y facilitar una mayor disponibilidad de este combustible en el mercado nacional. La gasolina de aviación Grado 100 es un combustible destinado a aeronaves que utilizan motores de pistón y no corresponde a la gasolina de uso automotor que se comercializa en las estaciones de servicio para vehículos terrestres. El Decreto Supremo 5729 permite que personas naturales, empresas privadas y operadoras de plantas de suministro ubicadas en aeropuertos realicen actividades de importación y comercialización de Gasolina de Aviación Grado 100, de acuerdo con las autorizaciones y requisitos establecidos por la normativa vigente. La apertura busca ampliar el número de operadores que pueden participar en el abastecimiento del producto y reducir las restricciones para su ingreso al país. La medida se suma a otras disposiciones adoptadas durante 2026 para facilitar la importación de combustibles. La Aduana, por ejemplo, ya había aplicado medidas específicas sobre el Gravamen Arancelario y el IEHD para el Jet Fuel A-1, otro combustible utilizado en el sector aeronáutico. La Aduana Nacional anunció que implementará mecanismos para agilizar el despacho de las importaciones de Gasolina de Aviación Grado 100. La entidad realizará controles documentales y físicos en los puntos habilitados de ingreso al país para verificar que las operaciones cumplan con la normativa aduanera. Estos controles serán coordinados con las entidades vinculadas al sector de hidrocarburos y con la Dirección General de Sustancias Controladas, debido a las características del producto y a las exigencias aplicables a su importación, almacenamiento y comercialización. La entidad aduanera señaló que la aplicación del arancel cero no elimina los controles sobre las operaciones. Los importadores deberán cumplir los requisitos legales y presentar la documentación correspondiente para acceder al tratamiento tributario establecido por el Decreto Supremo. La disposición tiene un alcance específico: facilitar el abastecimiento de gasolina de aviación, no modificar el régimen de importación de la gasolina destinada al parque automotor. El Gobierno plantea que la reducción de los costos tributarios de importación permita incrementar la disponibilidad del combustible para las operaciones aeronáuticas en el territorio nacional. La medida tendrá un horizonte de más de un año: comenzará a aplicarse el 2 de octubre de 2026 y permanecerá vigente hasta el 31 de diciembre de 2027. La Aduana sostuvo que la aplicación de estas facilidades busca combinar la agilización del comercio exterior legal con los controles destinados a evitar el contrabando y otros ilícitos aduaneros.",El Deber,,https://eldeber.com.bo/economia/aduana-aplica-arancel-cero-importacion-gasolina-aviacion-2027_1790798491,10,newspaper,Santa Cruz,national,0.7,2026-10-01T16:29:43.434723+00:00,5,neutral,1.0,Transformer financiero en español,True,neutral,0.8366,neutral,1.0,5,"Comercio exterior, desarrollo y empresas",0.7043,"[""Aduana Nacional""]","[""combustibles"", ""importaciones"", ""hidrocarburos""]",50,moderado,{},{},,2026-10-01T16:29:43Z,2026-10-01T16:29:43Z,70.42,inferred_collected,True,recent,evt-362248adce82,1
7f891ad5d3a3ee2ab751,El dólar flexible inicia octubre con una cotización de Bs 12,"Para este jueves, 1 de octubre, el dólar flexible se cotiza en Bs 12,00 , de acuerdo con la determinación del Banco Central de Bolivia (BCB). La cifra representa una leve baja respecto al valor de Bs 12,02 registrado el miércoles, 30 de septiembre, con el que la divisa cerró el mes. Durante los últimos días de septiembre, el dólar oficial tuvo diferentes movimientos. El 25 de septiembre se cotizó en Bs 12,22; mientras que entre el 26 y el 28 de septiembre registró valores de Bs 12,05. Posteriormente, el 29 y 30 de septiembre se situó en Bs 12,02. De esta manera, octubre comienza con una cotización de Bs 12,00 por dólar , dos centavos por debajo del valor vigente durante el cierre de septiembre. El BCB establece diariamente el Tipo de Cambio Oficial (TCO) bajo el nuevo régimen flexible. La cotización muestra un comportamiento fluctuante desde la implementación del régimen de tipo de cambio flexible, vigente en Bolivia a partir del 29 de junio de 2026, cuando el país dejó atrás el esquema fijo de Bs 6,96 por dólar que se mantuvo durante cerca de 15 años. Ese día, el nuevo régimen comenzó con una cotización oficial de Bs 9,73. En el mercado paralelo, según el portal dolarboliviahoy.com, el precio de compra es de Bs 11.93 mientras que el precio de venta es de Bs 12.02.",El Deber,,https://eldeber.com.bo/economia/dolar-flexible-inicia-octubre-cotizacion-bs-12_1790865597,5,newspaper,Santa Cruz,national,0.7,2026-10-01T16:29:42.573667+00:00,4,desfavorable,0.9999,Transformer financiero en español,False,neutral,0.8725,desfavorable,0.9999,1,"Tipo de cambio, divisas y abastecimiento de combustibles",0.9946,"[""BCB""]","[""tipo de cambio""]",50,moderado,{},{},,2026-10-01T16:29:42Z,2026-10-01T16:29:42Z,70.43,inferred_collected,True,recent,evt-3c7fcc87e728,2
d72f988d72e0fd81da8f,ASFI LLEVÓ LA SUPERVISIÓN FINANCIERA BOLIVIANA A LA MESA DE LOS REGULADORES INTERNACIONALES | ASFI,"Por primera vez, Bolivia participó en el Colegio de Supervisores del Grupo Financiero Credicorp, junto a los organismos reguladores de Chile, Perú, Colombia, Panamá y Estados Unidos. Este espacio internacional permitió a ASFI intercambiar información, metodologías y herramientas para fortalecer la supervisión de los grupos financieros con presencia en distintos países y anticipar riesgos que pudieran afectar la estabilidad del sistema y los ahorros de las familias bolivianas. “La supervisión que realiza ASFI está alineada con las buenas prácticas internacionales; estos espacios nos permiten conocer cómo trabajan otros supervisores y fortalecer nuestras propias herramientas”, destacó Juan Carlos Rada, director general de Supervisión Consolidada de ASFI. El encuentro permitió abordar las particularidades de la supervisión del mencionado grupo en distintas jurisdicciones, así como, conocer de parte de los principales ejecutivos de Credicorp, sobre su estrategia de corto y mediano plazo en la región, permitiendo a los reguladores ajustar sus estrategias de supervisión. La participación de ASFI en esta instancia internacional fortaleció la supervisión consolidada en Bolivia y permitió incorporar experiencias y mecanismos aplicados por autoridades financieras de la región y Estados Unidos. Los riesgos financieros no conocen de fronteras y la supervisión tampoco debería hacerlo: una supervisión moderna, coordinada y con visión internacional en base a estas experiencias, contribuirá a preservar la estabilidad del sistema financiero y proteger los recursos de los ahorristas.",ASFI,,https://www.asfi.gob.bo/node/1470,4,official,La Paz,national,0.95,2026-10-01T16:29:20.915903+00:00,3,neutral,1.0,Transformer financiero en español,True,neutral,0.9279,neutral,1.0,0,"Sector productivo, automotor y actividad empresarial",0.5691,"[""ASFI""]","[""sistema financiero""]",42,moderado,{},"{""estabilidad"": 2}",,2026-10-01T16:29:20Z,2026-10-01T16:29:20Z,70.43,inferred_collected,True,recent,evt-82f8fa13b9ca,1
d56b7d5f948ce08ce4c9,Destacan el lanzamiento del proyecto del Hub de Viru Viru y su impacto en la integración y el desarrollo regional,"Santa Cruz, 1 de octubre de 2026 (ABI). – Durante el acto oficial de lanzamiento de la implementación del proyecto del Hub Aeroportuario Internacional de Viru Viru, impulsado por el Ministerio de Obras Públicas, Servicios y Vivienda, el alcalde de Santa Cruz, Carlos Manuel Saavedra Saavedra, celebró la materialización de esta obra histórica que posicionará a la región en el mapa continental y mundial. La ceremonia, llevada a cabo en las instalaciones del aeropuerto de Viru Viru, contó con la participación de autoridades nacionales, departamentales y municipales, destacando la presencia del gobernador de Santa Cruz, Juan Pablo Velasco, el alcalde municipal de Warnes, Mario Cronenbold, y el ministro del área, Mauricio Zamora, además del lanzamiento oficial a cargo del presidente del Estado, Rodrigo Paz. En declaraciones a los medios tras el evento, el burgomaestre cruceño enfatizó que este tipo de proyectos estratégicos optimizarán el enorme potencial productivo de la región, destacando además la coordinación interinstitucional lograda con el Gobierno central y la brigada parlamentaria. «Inversión, oportunidades, nos va a integrar con el continente y con el mundo. Estos proyectos históricos que se fueron componiendo y que hoy ya se van convirtiendo en una certeza. El Hub, Puerto Busch, Rosita, en fin, Santa Cruz tiene mucho potencial, y este tipo de desarrollo lo van a poder optimizar», expresó la autoridad. Asimismo, Saavedra resaltó que el municipio ya se venía preparando para este gran salto logístico mediante obras complementarias ejecutadas de manera conjunta, como la ampliación de la avenida Cristo Redentor hacia la terminal aérea. «Muy contentos con esta situación. Agradecemos nosotros al Gobierno central por hacer posible esto, a la brigada parlamentaria, a nuestros diputados y senadores, porque ya nosotros también teníamos iniciado el proyecto previo al Hub, que es la ampliación de la avenida Cristo Redentor hasta Viru Viru. Esto lo hemos hecho gracias a la coordinación con nuestros parlamentarios y con el Gobierno nacional. Entonces ya estamos apostando en serio hacia el añorado y tan esperado Hub», concluyó el alcalde.",ABI,2026-10-01T16:09:39+00:00,https://abi.bo/destacan-el-lanzamiento-del-proyecto-del-hub-de-viru-viru-y-su-impacto-en-la-integracion-y-el-desarrollo-regional,2,agency,La Paz,national,0.85,2026-10-01T16:29:29.996808+00:00,2,neutral,1.0,Transformer financiero en español,True,neutral,0.7265,neutral,1.0,2,"Política fiscal, gestión pública y sistema financiero",0.5554,[],[],50,moderado,{},{},2026-10-01T16:09:39Z,2026-10-01T16:29:29Z,2026-10-01T16:09:39Z,70.76,published,True,recent,evt-10219dfc949d,1
02faf97180cb2b95dd0f,YPFB y transportistas de GLP acuerdan reactivar la distribución,"Yacimientos Petrolíferos Fiscales Bolivianos ( YPFB ) y representantes del transporte nacional de Gas Licuado de Petróleo (GLP) alcanzaron un acuerdo transitorio para reanudar el traslado del producto. El entendimiento surgió tras las mesas de diálogo que ambas partes instalaron con el fin de alcanzar una salida a la interrupción temporal del transporte de GLP. La Cámara Nacional de Distribuidores de GLP anunció el miércoles que iba a suspenderá desde el jueves la distribución en los barrios, debido al impacto del incremento del precio del diésel. El vicepresidente nacional de Operaciones de YPFB, Víctor Hugo Blacud , informó que el acuerdo establece una solución de corto plazo mientras las partes definen una nueva referencia para las tarifas de transporte. “Llegamos a un acuerdo con el sector transporte nacional de GLP para garantizar el abastecimiento a toda la población boliviana”, informó Blacud. También vea : Camiones no distribuirán GLP el jueves por incremento del diésel Como parte del acuerdo, YPFB y los transportistas aplicarán una fórmula transitoria de operación mientras una consultora independiente realiza un estudio sobre la estructura de costos del sector y propone una actualización de las tarifas de flete. La estatal prevé que el estudio concluya en un plazo referencial de 21 días , aunque el cronograma dependerá de la contratación de la firma consultora y del alcance que definan las partes. El análisis incorporará criterios técnicos nacionales e internacionales. El representante del transporte nacional de GLP, José Luis Sejas , destacó la predisposición de YPFB para encontrar un punto de equilibrio que permita restablecer el servicio mientras avanza el estudio tarifario. “Se llegó a un acuerdo transitorio mientras se realiza un estudio de tarifas con empresas independientes. Este acuerdo garantiza el abastecimiento de GLP en Santa Cruz y en todo el país”, señaló Sejas. La empresa estatal prevé una normalización progresiva de la distribución , conforme los vehículos recuperen sus rutas y se restablezca la logística de transporte. La estatal pidió a la población mantener la calma durante las primeras horas de la reactivación y explicó que el producto llegará paulatinamente a los barrios y hogares a medida que aumente el flujo de cisternas.",La Razón,2026-10-01T15:50:40+00:00,https://larazon.bo/economia-y-empresa/2026/10/01/ypfb-y-transportistas-de-glp-acuerdan-reactivar-la-distribucion,6,newspaper,La Paz,national,0.7,2026-10-01T16:29:48.472613+00:00,4,desfavorable,0.9996,Transformer financiero en español,False,neutral,0.7321,desfavorable,0.9996,4,"Producción, inversión y régimen cambiario",0.5184,"[""YPFB""]","[""combustibles"", ""hidrocarburos""]",50,moderado,{},{},2026-10-01T15:50:40Z,2026-10-01T16:29:48Z,2026-10-01T15:50:40Z,71.08,published,True,recent,evt-9e27491177f9,1
bb6d67d66ae8840a0844,"Bolivia logra superávit comercial de $us 360,3 millones en agosto","En agosto, el saldo comercial registró un superávit de $us 360,3 millones, impulsado por un mayor dinamismo de las exportaciones, que superaron ampliamente el valor de las importaciones, según un reporte del Instituto Nacional de Estadística (INE). Las cifras indican que, en agosto, las exportaciones alcanzaron $us 1.141,6 millones y las importaciones que sumaron $us 781,3 millones. Sin embargo, los datos del INE muestran una caída del comercio exterior. Las exportaciones de agosto bajaron en 18,3% en comparación al mes anterior y las importaciones cayeron en 44,2%. Lea más: Bolivia cierra julio con un superávit comercial de $us 176 MM El informe indica que, en agosto, las exportaciones alcanzaron $us 1.141,6 millones, principalmente por la reducción de las ventas externas de la actividad de industria manufacturera, cuyas exportaciones disminuyeron en 14,8%, seguida de la extracción de minerales, que registró una disminución en 28,3%. A nivel de productos, las exportaciones de minerales como la plata y el zinc registraron disminuciones de 31,7% y 28,5%, respectivamente. Por su parte, dentro de la industria manufacturera, las exportaciones de oro metálico disminuyeron en 24,2% y las de estaño metálico en 21,7%. Sin embargo, las exportaciones del sector agrícola se incrementaron, impulsadas por el aumento de las ventas externas de chía, semillas y habas de soya, y quinua, que registraron variaciones positivas de 71,5%, 47,2% y 34,9%, respectivamente. Por su parte, la actividad de industria manufacturera presentó una disminución de 14,8%. No obstante, las exportaciones de joyería de oro aumentaron 13,0% mientras que las de urea granulada se incrementaron 18,2%. De enero a agosto de 2026, las exportaciones nacionales alcanzaron $us 8.958,0 millones, monto que representa un incremento de 53,8% respecto al mismo periodo de 2025, cuando alcanzaron $us 5.825,8 millones. Este crecimiento se explica principalmente por el aumento de las ventas externas de la industria manufacturera debido al incremento de las exportaciones de oro metálico y productos derivados de la soya, que aumentaron 165,2% y 9,6% respectivamente. De igual manera, la actividad de extracción de minerales registró un crecimiento significativo de 73,3%, debido al incremento de las exportaciones de mineral de plata y mineral de zinc, que aumentaron 147,5% y 19,5% respectivamente. Según reporte del INE, las importaciones alcanzaron los $us 781,3 millones, lo que representó una disminución de 44,2% respecto al mes anterior. “Este comportamiento refleja cambios en la dinámica de las importaciones, principalmente asociados a los sectores energéticos que proveen materias primas y productos intermedios”, dice el informe. Entre enero y agosto de 2026, las importaciones totales registraron un incremento de 7,9% respecto al mismo periodo del año anterior. Este resultado se explica por el incremento registrado en cuatro de las seis categorías analizadas. Durante este periodo, la categoría de equipos de transporte, sus piezas y accesorios registró el mayor incremento con un notable 52,7%, seguida de los bienes de capital, que aumentaron 30,3%. Asimismo, los artículos de consumo y alimentos y bebidas registraron variaciones positivas de 5,2% y 0,6%, respectivamente. En contraste, la categoría de combustibles y lubricantes presentó una disminución de 3,4%, mientras que los suministros industriales se redujeron 3,0%.",La Razón,2026-10-01T15:39:56+00:00,https://larazon.bo/economia-y-empresa/2026/10/01/bolivia-logra-superavit-comercial-de-us-3603-millones-en-agosto,10,newspaper,La Paz,national,0.7,2026-10-01T16:29:49.988996+00:00,8,desfavorable,0.9999,Transformer financiero en español,True,desfavorable,0.6091,desfavorable,0.9999,2,"Política fiscal, gestión pública y sistema financiero",0.9971,"[""INE""]","[""combustibles"", ""exportaciones"", ""importaciones"", ""balanza comercial""]",32,bajo,"{""caída"": 1}","{""crecimiento"": 2, ""superávit"": 3}",2026-10-01T15:39:56Z,2026-10-01T16:29:49Z,2026-10-01T15:39:56Z,71.25,published,True,recent,evt-b15421a72255,1
9fdc56069f3706331e03,Jujuy será sede de conferencia internacional sobre el futuro del litio en la región,"La industria del litio se prepara para debatir su nueva etapa de crecimiento en “Litio en Sudamérica 2026” , conferencia internacional que se llevará a cabo del 7 al 8 de octubre en Jujuy ( Argentina), con la participación de empresas mineras, organismos internacionales, autoridades y especialistas del sector. “ Queremos discutir qué hace falta para que los proyectos funcionen, se expandan, sean competitivos y puedan insertarse en un mercado global que también está cambiando ”, señalaron desde Panorama Minero, organizadores del evento. Durante dos jornadas, la conferencia abordará temas vinculados con la producción, el acceso al financiamiento, la competencia internacional por minerales críticos, el desempeño de las operaciones, la relación entre Estados Unidos y China, la formación de precios y las nuevas tecnologías de extracción de litio. Vea : Gobierno lleva la socialización sobre el litio a Potosí y Oruro La primera jornada pondrá el foco en las provincias que concentran la producción argentina de litio: Jujuy, Salta y Catamarca . Las cámaras mineras de esas regiones expondrán sobre exploración, desempeño operativo, proveedores, infraestructura, formación de talento y nuevas inversiones. El encuentro también llevará la discusión al ámbito internacional con la participación de representantes de MIGA, del Grupo Banco Mundial , la Agencia Francesa para el Desarrollo y la Unión Europea , quienes analizarán mecanismos de financiamiento, mitigación de riesgos, infraestructura y cooperación para proyectos mineros de largo plazo. El debate abordará infraestructura compartida, proveedores, empleo, competitividad y coordinación entre las provincias y el Gobierno nacional, con el objetivo de identificar las condiciones que necesita el territorio para acompañar nuevas inversiones. La conferencia también analizará los cambios regulatorios que introdujo el Decreto 482/2026 , que actualizó la reglamentación de la Ley 24.196 de Inversiones Mineras después de más de tres décadas. El encuentro pondrá bajo análisis sus modificaciones en procedimientos, importaciones, digitalización y participación de prestadores de servicios. La agenda continuará con una mirada sobre el funcionamiento de las operaciones. Representantes de Rio Tinto Lithium, Albemarle, EXAR, Eramet y CNGR compartirán experiencias sobre costos, ramp-up, ampliaciones, infraestructura, talento, proveedores y estabilidad operativa. “Durante años la gran pregunta fue cuánto litio podía producir Argentina. Esa pregunta sigue siendo importante, pero ya no alcanza. Hoy necesitamos hablar de toda la otra parte: costos, proveedores, infraestructura, previsibilidad, talento y capacidad de ejecución. Son los temas que aparecen cuando una industria comienza a madurar”, señaló la organización. La dimensión geopolítica ocupará otro de los ejes centrales de la conferencia. Uno de los paneles analizará la relación entre Argentina y Estados Unidos y las oportunidades que genera la creciente demanda estadounidense de minerales críticos. El encuentro también abordará el papel de China en la cadena de baterías y la expansión de la tecnología LFP. Según la Agencia Internacional de Energía, esta química representa alrededor del 90% de los nuevos sistemas de almacenamiento estacionario desplegados a nivel global. Especialistas de SC Insights analizarán además qué buscan los mercados asiáticos de sus proveedores internacionales y cómo compiten los modelos de desarrollo de Argentina, Chile, Bolivia y Brasil . En ese escenario, la discusión del sector apunta más allá de la disponibilidad del recurso. Costos, calidad del producto, infraestructura, regulación, incentivos, procesamiento y acceso a mercados comienzan a definir las condiciones para atraer nuevas inversiones y ampliar la participación de los países sudamericanos en la cadena global del litio.",La Razón,2026-10-01T15:36:12+00:00,https://larazon.bo/economia-y-empresa/2026/10/01/jujuy-sera-sede-de-conferencia-internacional-sobre-el-futuro-del-litio-en-la-region,11,newspaper,La Paz,national,0.7,2026-10-01T16:29:50.507632+00:00,7,neutral,0.9998,Transformer financiero en español,True,neutral,0.8967,neutral,0.9998,0,"Sector productivo, automotor y actividad empresarial",0.7657,"[""Banco Mundial""]","[""importaciones"", ""litio"", ""empleo""]",41,moderado,"{""falta"": 1}","{""crecimiento"": 1, ""estabilidad"": 1, ""expansión"": 1}",2026-10-01T15:36:12Z,2026-10-01T16:29:50Z,2026-10-01T15:36:12Z,71.32,published,True,recent,evt-1e9f02eff9e6,1
4f8072feb1b1ff39cd82,"Ambulancia vinculada a Roger Mariaca llevaba más de Bs 3,5 millones y $us 10.000","Santa Cruz, 1 de octubre de 2026 (ABI). – El fiscal de Materia, Daniel Ortuño, informó que el dinero hallado en una ambulancia, que salió de la casa en Santa Cruz del ahora exfiscal general del Estado, Roger Mariaca, asciende a un total de Bs 3.532.100 y $us 10.000. “La cifra asciende a 3.532.100 bolivianos con 10.000 dólares”, detalló en contacto con la prensa. Explicó que la investigación está iniciando y que de acuerdo a información “extraoficial” brindada por los funcionarios policiales, estaban personas particulares. Durante los operativos de la noche del 30 de septiembre y la madrugada del 1 de octubre, se detuvo una ambulancia que, según información policial, salió de la casa de Roger Mariaca. Dentro del vehículo se encontró fajos de dinero. En una conferencia para informar sobre el hecho, el ministro de Gobierno, Marco Antonio Oviedo, explicó que cuatro personas fueron detenidas. El dinero estaba en bolsas y paquetes, se mostró frente a medios de comunicación y se procedió a contar de cuánto fue el hallazgo económico. Ortuño indicó que tomarán pleno conocimiento del hecho una vez tengan los informes respectivos, así como la información directa para que luego puedan analizar el contexto del hecho y calificar de manera provisional el tipo penal. Oviedo informó este jueves que 14 personas fueron detenidas en las últimas horas en el marco de un operativo policial, entre ellos Mariaca, quien presuntamente estaría implicado en delitos vinculados a una organización criminal, legitimación de ganancias ilícitas y tráfico de sustancias controladas.",ABI,2026-10-01T15:21:38+00:00,https://abi.bo/ambulancia-vinculada-a-roger-mariaca-llevaba-mas-de-bs-35-millones-y-us-10-000,3,agency,La Paz,national,0.85,2026-10-01T16:29:32.796152+00:00,2,neutral,1.0,Transformer financiero en español,True,neutral,0.9338,neutral,1.0,5,"Comercio exterior, desarrollo y empresas",0.3721,[],"[""tipo de cambio""]",50,moderado,{},{},2026-10-01T15:21:38Z,2026-10-01T16:29:32Z,2026-10-01T15:21:38Z,71.56,published,True,recent,evt-42d9fbf515da,1
